152	#Ethiopia|#Ethiopia	#Ethiopia|#Ethiopia	NIL
143	#Eritrea|#Eritrea	#Eritrea|#Eritrea	NIL
93	ኦሮምያ|ኦሮምያ	ኦሮምያ|ኦሮምያ	NIL
83	#VOATigrigna|#VOATigrigna	#VOATigrigna|#VOATigrigna	NIL
79	#VOA|#VOA	#VOA|#VOA	NIL
55	ኦሮሚያ|ኦሮሚያ	ኦሮሚያ|ኦሮሚያ	NIL
38	ህግደፍ|ህግደፍ	ህግደፍ|ህግደፍ	NIL
35	ኦሮሞ|ኦሮሞ	ኦሮሞ|ኦሮሞ	NIL
35	ኣምሓራ|ኣምሓራ	ኣምሓራ|ኣምሓራ	NIL
31	ኤርትራውያን|ኤርትራውያን	ኤርትራውያን|ኤርትራውያን	NIL
24	ዳዒሽ|ዳዒሽ	ዳዒሽ|ዳዒሽ	NIL
24	ሶማል|ሶማል	ሶማል|ሶማል	NIL
22	@VOATigrigna:|@VOATigrigna:	@VOATigrigna:|@VOATigrigna:	NIL
17	እንጦንዮስ|እንጦንዮስ	እንጦንዮስ|እንጦንዮስ	NIL
16	ሕቡራት ሃገራት|ሕቡራት ሃገራት	ሕቡራት ሃገራት|ሕቡራት ሃገራት	NIL
15	ኣዲስ ኣበባን|ኣዲስ ኣበባን	ኣዲስ ኣበባን|ኣዲስ ኣበባን	NIL
15	#Somalia|#Somalia	#Somalia|#Somalia	NIL
15	ዳዕሽ|ዳዕሽ	ዳዕሽ|ዳዕሽ	NIL
14	ጀነቫ|ጀነቫ	ጀነቫ|ጀነቫ	NIL
13	ኣል-ሸባብ|ኣል-ሸባብ	ኣል-ሸባብ|ኣል-ሸባብ	NIL
13	ፈረንሳ|ፈረንሳ	ፈረንሳ|ፈረንሳ	NIL
10	ውድብ ጥዕና ዓለም|ውድብ ጥዕና ዓለም	ውድብ ጥዕና ዓለም|ውድብ ጥዕና ዓለም	NIL
10	ኦሮምያን|ኦሮምያን	ኦሮምያን|ኦሮምያን	NIL
10	ኢሳይያስ|ኢሳይያስ	ኢሳይያስ|ኢሳይያስ	NIL
10	ኣምነስቲ ኢንተርናሽናል|ኣምነስቲ ኢንተርናሽናል	ኣምነስቲ ኢንተርናሽናል|ኣምነስቲ ኢንተርናሽናል	NIL
9	#Oromia|#Oromia	#Oromia|#Oromia	NIL
9	ግብጺ|ግብጺ	ግብጺ|ግብጺ	NIL
9	#Kenya|#Kenya	#Kenya|#Kenya	NIL
9	ባራክ ኦባማ|ባራክ ኦባማ	ባራክ ኦባማ|ባራክ ኦባማ	NIL
8	ቱርኪ|ቱርኪ	ቱርኪ|ቱርኪ	NIL
8	ወለጋ|ወለጋ	ወለጋ|ወለጋ	NIL
8	ኣንጎላ|ኣንጎላ	ኣንጎላ|ኣንጎላ	NIL
8	ኒውዮርክ|ኒውዮርክ	ኒውዮርክ|ኒውዮርክ	NIL
8	ጌታቸው ረዳ|ጌታቸው ረዳ	ጌታቸው ረዳ|ጌታቸው ረዳ	NIL
7	ፈይሳ ለሊሳ|ፈይሳ ለሊሳ	ፈይሳ ለሊሳ|ፈይሳ ለሊሳ	NIL
7	ዴምህት|ዴምህት	ዴምህት|ዴምህት	NIL
7	ኣምቦ|ኣምቦ	ኣምቦ|ኣምቦ	NIL
7	ስርት|ስርት	ስርት|ስርት	NIL
7	ሚኒስትሪ ጥዕና|ሚኒስትሪ ጥዕና	ሚኒስትሪ ጥዕና|ሚኒስትሪ ጥዕና	NIL
7	ሸገራብ|ሸገራብ	ሸገራብ|ሸገራብ	NIL
7	ኦህዴድ|ኦህዴድ	ኦህዴድ|ኦህዴድ	NIL
7	ሃረርጌ|ሃረርጌ	ሃረርጌ|ሃረርጌ	NIL
6	ዶቸ ቬለ|ዶቸ ቬለ	ዶቸ ቬለ|ዶቸ ቬለ	NIL
6	ወልቃይት|ወልቃይት	ወልቃይት|ወልቃይት	NIL
6	ዙማ|ዙማ	ዙማ|ዙማ	NIL
6	ከለን|ከለን	ከለን|ከለን	NIL
6	#OromoProtests|#OromoProtests	#OromoProtests|#OromoProtests	NIL
6	#VOATIGRIGNA|#VOATIGRIGNA	#VOATIGRIGNA|#VOATIGRIGNA	NIL
6	ኣህጉራዊ ውድብ ስደት|ኣህጉራዊ ውድብ ስደት	ኣህጉራዊ ውድብ ስደት|ኣህጉራዊ ውድብ ስደት	NIL
6	ሶርያን|ሶርያን	ሶርያን|ሶርያን	NIL
6	ህወሓት|ህወሓት	ህወሓት|ህወሓት	NIL
6	ኣምሓራን|ኣምሓራን	ኣምሓራን|ኣምሓራን	NIL
5	#USA|#USA	#USA|#USA	NIL
5	#ارتريا|#ارتريا	#ارتريا|#ارتريا	NIL
5	ሊብያን|ሊብያን	ሊብያን|ሊብያን	NIL
5	ካናዳን|ካናዳን	ካናዳን|ካናዳን	NIL
5	ትግራይን|ትግራይን	ትግራይን|ትግራይን	NIL
5	ሊብያውያን|ሊብያውያን	ሊብያውያን|ሊብያውያን	NIL
5	ነቀምቲ|ነቀምቲ	ነቀምቲ|ነቀምቲ	NIL
5	ኣፍሪቃውያን|ኣፍሪቃውያን	ኣፍሪቃውያን|ኣፍሪቃውያን	NIL
5	መድሃኔ ይሕደጎ መርእድ|መድሃኔ ይሕደጎ መርእድ	መድሃኔ ይሕደጎ መርእድ|መድሃኔ ይሕደጎ መርእድ	NIL
5	ሰቲት ሑመራ|ሰቲት ሑመራ	ሰቲት ሑመራ|ሰቲት ሑመራ	NIL
5	ለቀምቲ|ለቀምቲ	ለቀምቲ|ለቀምቲ	NIL
4	ግሪኽን|ግሪኽን	ግሪኽን|ግሪኽን	NIL
4	መድሃኔ ይሕደጎ|መድሃኔ ይሕደጎ	መድሃኔ ይሕደጎ|መድሃኔ ይሕደጎ	NIL
4	ሬድዮ ኤረና|ሬድዮ ኤረና	ሬድዮ ኤረና|ሬድዮ ኤረና	NIL
4	ወልቃይት ፀገዴ|ወልቃይት ፀገዴ	ወልቃይት ፀገዴ|ወልቃይት ፀገዴ	NIL
4	ማረት|ማረት	ማረት|ማረት	NIL
4	ሽወደን|ሽወደን	ሽወደን|ሽወደን	NIL
4	ምብራቕን|ምብራቕን	ምብራቕን|ምብራቕን	NIL
4	ቪኦኤ|ቪኦኤ	ቪኦኤ|ቪኦኤ	NIL
4	ኣሜሪካን|ኣሜሪካን	ኣሜሪካን|ኣሜሪካን	NIL
4	ብራስለስ|ብራስለስ	ብራስለስ|ብራስለስ	NIL
4	ፈይሳ|ፈይሳ	ፈይሳ|ፈይሳ	NIL
4	ስዑዲ ዓረብ|ስዑዲ ዓረብ	ስዑዲ ዓረብ|ስዑዲ ዓረብ	NIL
4	ቢሸፍቱ|ቢሸፍቱ	ቢሸፍቱ|ቢሸፍቱ	NIL
4	ሮቢት|ሮቢት	ሮቢት|ሮቢት	NIL
4	ወያነ|ወያነ	ወያነ|ወያነ	NIL
4	ሁማን ራይትስ ዎች|ሁማን ራይትስ ዎች	ሁማን ራይትስ ዎች|ሁማን ራይትስ ዎች	NIL
4	ሃመር|ሃመር	ሃመር|ሃመር	NIL
4	ግሪኽ|ግሪኽ	ግሪኽ|ግሪኽ	NIL
4	ዳባት|ዳባት	ዳባት|ዳባት	NIL
4	ቡርኪናፋሶ|ቡርኪናፋሶ	ቡርኪናፋሶ|ቡርኪናፋሶ	NIL
4	ዲዮስቆሮስ|ዲዮስቆሮስ	ዲዮስቆሮስ|ዲዮስቆሮስ	NIL
4	ንቪኦኤ|ንቪኦኤ	ንቪኦኤ|ንቪኦኤ	NIL
4	#France|#France	#France|#France	NIL
4	ኣሕፈሮም|ኣሕፈሮም	ኣሕፈሮም|ኣሕፈሮም	NIL
4	#Libya|#Libya	#Libya|#Libya	NIL
4	ሸዋ|ሸዋ	ሸዋ|ሸዋ	NIL
4	ኣንዋር መስጊድ|ኣንዋር መስጊድ	ኣንዋር መስጊድ|ኣንዋር መስጊድ	NIL
4	ቆቦ|ቆቦ	ቆቦ|ቆቦ	NIL
4	ኤስደለ|ኤስደለ	ኤስደለ|ኤስደለ	NIL
3	ራያ ቆቦ|ራያ ቆቦ	ራያ ቆቦ|ራያ ቆቦ	NIL
3	መሓሪ|መሓሪ	መሓሪ|መሓሪ	NIL
3	'ዘ-ኣድሬስ'|'ዘ-ኣድሬስ'	'ዘ-ኣድሬስ'|'ዘ-ኣድሬስ'	NIL
3	ጎንደርን|ጎንደርን	ጎንደርን|ጎንደርን	NIL
3	ኣትላንቲክ ካውንስል|ኣትላንቲክ ካውንስል	ኣትላንቲክ ካውንስል|ኣትላንቲክ ካውንስል	NIL
3	ሃፍታሙ ኣያሌዉ|ሃፍታሙ ኣያሌዉ	ሃፍታሙ ኣያሌዉ|ሃፍታሙ ኣያሌዉ	NIL
3	ምብራቕ|ምብራቕ	ምብራቕ|ምብራቕ	NIL
3	ግርማ አስመሮም|ግርማ አስመሮም	ግርማ አስመሮም|ግርማ አስመሮም	NIL
3	ማእከል|ማእከል	ማእከል|ማእከል	NIL
3	ራያ ዓዘቦ|ራያ ዓዘቦ	ራያ ዓዘቦ|ራያ ዓዘቦ	NIL
3	ምክሩ|ምክሩ	ምክሩ|ምክሩ	NIL
3	ኦሮሞን|ኦሮሞን	ኦሮሞን|ኦሮሞን	NIL
3	ሕብረት ኣፍሪቃ|ሕብረት ኣፍሪቃ	ሕብረት ኣፍሪቃ|ሕብረት ኣፍሪቃ	NIL
3	ሚንስቴር ሕርሻን ሃፍቲ ተፈጥሮን|ሚንስቴር ሕርሻን ሃፍቲ ተፈጥሮን	ሚንስቴር ሕርሻን ሃፍቲ ተፈጥሮን|ሚንስቴር ሕርሻን ሃፍቲ ተፈጥሮን	NIL
3	ኢሳያስን|ኢሳያስን	ኢሳያስን|ኢሳያስን	NIL
3	ጀኔቫ|ጀኔቫ	ጀኔቫ|ጀኔቫ	NIL
3	ሳሊሕ ኣሕመዲን|ሳሊሕ ኣሕመዲን	ሳሊሕ ኣሕመዲን|ሳሊሕ ኣሕመዲን	NIL
3	ግርማ|ግርማ	ግርማ|ግርማ	NIL
3	ኣላማጣ|ኣላማጣ	ኣላማጣ|ኣላማጣ	NIL
3	ዑስማን ኣደም|ዑስማን ኣደም	ዑስማን ኣደም|ዑስማን ኣደም	NIL
3	ፓትርሻ ሃስላክ|ፓትርሻ ሃስላክ	ፓትርሻ ሃስላክ|ፓትርሻ ሃስላክ	NIL
3	ኦርላንዶ|ኦርላንዶ	ኦርላንዶ|ኦርላንዶ	NIL
3	መርማሪ ኮምሽን ሰብኣዊ መሰላት|መርማሪ ኮምሽን ሰብኣዊ መሰላት	መርማሪ ኮምሽን ሰብኣዊ መሰላት|መርማሪ ኮምሽን ሰብኣዊ መሰላት	NIL
3	ኦሬንታል ኣብያተ ክርስትያናት|ኦሬንታል ኣብያተ ክርስትያናት	ኦሬንታል ኣብያተ ክርስትያናት|ኦሬንታል ኣብያተ ክርስትያናት	NIL
3	ሰራዊት-ሕድሪ|ሰራዊት-ሕድሪ	ሰራዊት-ሕድሪ|ሰራዊት-ሕድሪ	NIL
3	ሳልሕ|ሳልሕ	ሳልሕ|ሳልሕ	NIL
3	ሃይርሌ|ሃይርሌ	ሃይርሌ|ሃይርሌ	NIL
3	ጉጂ|ጉጂ	ጉጂ|ጉጂ	NIL
3	ሃዊ|ሃዊ	ሃዊ|ሃዊ	NIL
3	ትራምፕ|ትራምፕ	ትራምፕ|ትራምፕ	NIL
3	ኢጋድ|ኢጋድ	ኢጋድ|ኢጋድ	NIL
3	#SSudan|#SSudan	#SSudan|#SSudan	NIL
3	ደምበላስን|ደምበላስን	ደምበላስን|ደምበላስን	NIL
3	ህግደፍን|ህግደፍን	ህግደፍን|ህግደፍን	NIL
3	U.N.H.C.R|U.N.H.C.R	U.N.H.C.R|U.N.H.C.R	NIL
3	ኣምቦን|ኣምቦን	ኣምቦን|ኣምቦን	NIL
3	ኣፍሪካዊያን|ኣፍሪካዊያን	ኣፍሪካዊያን|ኣፍሪካዊያን	NIL
3	ኣባሮ|ኣባሮ	ኣባሮ|ኣባሮ	NIL
3	ኣዳማ|ኣዳማ	ኣዳማ|ኣዳማ	NIL
3	ቋሓይንን|ቋሓይንን	ቋሓይንን|ቋሓይንን	NIL
3	ፍራንሰስ|ፍራንሰስ	ፍራንሰስ|ፍራንሰስ	NIL
3	ሽዋ|ሽዋ	ሽዋ|ሽዋ	NIL
3	ዓዲ-ጥልያን|ዓዲ-ጥልያን	ዓዲ-ጥልያን|ዓዲ-ጥልያን	NIL
3	መራራ ጉዲና|መራራ ጉዲና	መራራ ጉዲና|መራራ ጉዲና	NIL
3	#Italy|#Italy	#Italy|#Italy	NIL
3	ኣውሮጳን|ኣውሮጳን	ኣውሮጳን|ኣውሮጳን	NIL
3	ከሰላን|ከሰላን	ከሰላን|ከሰላን	NIL
3	ሓይልኣብ|ሓይልኣብ	ሓይልኣብ|ሓይልኣብ	NIL
3	ኣሰና|ኣሰና	ኣሰና|ኣሰና	NIL
3	ጁባት|ጁባት	ጁባት|ጁባት	NIL
3	ሃረርጌን|ሃረርጌን	ሃረርጌን|ሃረርጌን	NIL
3	ክልተ ኣውላዕሎ|ክልተ ኣውላዕሎ	ክልተ ኣውላዕሎ|ክልተ ኣውላዕሎ	NIL
3	ሑመራ|ሑመራ	ሑመራ|ሑመራ	NIL
3	ኤርትራ'ውን|ኤርትራ'ውን	ኤርትራ'ውን|ኤርትራ'ውን	NIL
3	ቦረና|ቦረና	ቦረና|ቦረና	NIL
3	#Paris|#Paris	#Paris|#Paris	NIL
3	ዓረና|ዓረና	ዓረና|ዓረና	NIL
3	ዓፋር|ዓፋር	ዓፋር|ዓፋር	NIL
3	መቐለን|መቐለን	መቐለን|መቐለን	NIL
3	#Oromoprotest|#Oromoprotest	#Oromoprotest|#Oromoprotest	NIL
3	ሳህራን|ሳህራን	ሳህራን|ሳህራን	NIL
3	ፌደራል ፖሊስን|ፌደራል ፖሊስን	ፌደራል ፖሊስን|ፌደራል ፖሊስን	NIL
3	ኣፍሪቃን|ኣፍሪቃን	ኣፍሪቃን|ኣፍሪቃን	NIL
3	ግንባር ሓርነት ኦጋዴን|ግንባር ሓርነት ኦጋዴን	ግንባር ሓርነት ኦጋዴን|ግንባር ሓርነት ኦጋዴን	NIL
2	እንግሊዝን|እንግሊዝን	እንግሊዝን|እንግሊዝን	NIL
2	ደባርቅን|ደባርቅን	ደባርቅን|ደባርቅን	NIL
2	ብኣመሪካ|ብኣመሪካ	ብኣመሪካ|ብኣመሪካ	NIL
2	ግብጽን|ግብጽን	ግብጽን|ግብጽን	NIL
2	ኣርኣያ ካሳ|ኣርኣያ ካሳ	ኣርኣያ ካሳ|ኣርኣያ ካሳ	NIL
2	ኢርሚያስ መስፍን ሃብተዝጊ ሕድሩ|ኢርሚያስ መስፍን ሃብተዝጊ ሕድሩ	ኢርሚያስ መስፍን ሃብተዝጊ ሕድሩ|ኢርሚያስ መስፍን ሃብተዝጊ ሕድሩ	NIL
2	ሳብራታ|ሳብራታ	ሳብራታ|ሳብራታ	NIL
2	ሪፓብሊካን|ሪፓብሊካን	ሪፓብሊካን|ሪፓብሊካን	NIL
2	ክፍሊ ሜትዮሮሎጂ|ክፍሊ ሜትዮሮሎጂ	ክፍሊ ሜትዮሮሎጂ|ክፍሊ ሜትዮሮሎጂ	NIL
2	ፍኒክስ|ፍኒክስ	ፍኒክስ|ፍኒክስ	NIL
2	ሙሉጌታ|ሙሉጌታ	ሙሉጌታ|ሙሉጌታ	NIL
2	ሞሪን ኤቸይን|ሞሪን ኤቸይን	ሞሪን ኤቸይን|ሞሪን ኤቸይን	NIL
2	#Belgiumattack|#Belgiumattack	#Belgiumattack|#Belgiumattack	NIL
2	ቴልኣቪቭ|ቴልኣቪቭ	ቴልኣቪቭ|ቴልኣቪቭ	NIL
2	#Mali|#Mali	#Mali|#Mali	NIL
2	መርማሪት ኮሚሽን|መርማሪት ኮሚሽን	መርማሪት ኮሚሽን|መርማሪት ኮሚሽን	NIL
2	ህዩማን ራይትስ ዎች|ህዩማን ራይትስ ዎች	ህዩማን ራይትስ ዎች|ህዩማን ራይትስ ዎች	NIL
2	ፊንፊኔን|ፊንፊኔን	ፊንፊኔን|ፊንፊኔን	NIL
2	ሆሮጉድሩ|ሆሮጉድሩ	ሆሮጉድሩ|ሆሮጉድሩ	NIL
2	ሃብተ|ሃብተ	ሃብተ|ሃብተ	NIL
2	ሃመርን|ሃመርን	ሃመርን|ሃመርን	NIL
2	ዓዲ-ጉደም|ዓዲ-ጉደም	ዓዲ-ጉደም|ዓዲ-ጉደም	NIL
2	ሃብተ ተስፋማርያም|ሃብተ ተስፋማርያም	ሃብተ ተስፋማርያም|ሃብተ ተስፋማርያም	NIL
2	ሕ.ሃ|ሕ.ሃ	ሕ.ሃ|ሕ.ሃ	NIL
2	ኪኒያ|ኪኒያ	ኪኒያ|ኪኒያ	NIL
2	#Parisattack|#Parisattack	#Parisattack|#Parisattack	NIL
2	እንጠንዮስ|እንጠንዮስ	እንጠንዮስ|እንጠንዮስ	NIL
2	ደርቫሊ ሆስፒታ|ደርቫሊ ሆስፒታ	ደርቫሊ ሆስፒታ|ደርቫሊ ሆስፒታ	NIL
2	ኒጀርን|ኒጀርን	ኒጀርን|ኒጀርን	NIL
2	መገዲ ኣየር ግብጺ|መገዲ ኣየር ግብጺ	መገዲ ኣየር ግብጺ|መገዲ ኣየር ግብጺ	NIL
2	ሙክታር ከድር|ሙክታር ከድር	ሙክታር ከድር|ሙክታር ከድር	NIL
2	ሽዋን|ሽዋን	ሽዋን|ሽዋን	NIL
2	ደርግን|ደርግን	ደርግን|ደርግን	NIL
2	ባህልን ቱሪዝምን ቢሮ|ባህልን ቱሪዝምን ቢሮ	ባህልን ቱሪዝምን ቢሮ|ባህልን ቱሪዝምን ቢሮ	NIL
2	ሱዳናውያን|ሱዳናውያን	ሱዳናውያን|ሱዳናውያን	NIL
2	#EgyptAir|#EgyptAir	#EgyptAir|#EgyptAir	NIL
2	ኢሰይያስ|ኢሰይያስ	ኢሰይያስ|ኢሰይያስ	NIL
2	#NiceAttack|#NiceAttack	#NiceAttack|#NiceAttack	NIL
2	ሽንፋእ|ሽንፋእ	ሽንፋእ|ሽንፋእ	NIL
2	መረራ ጉዲና|መረራ ጉዲና	መረራ ጉዲና|መረራ ጉዲና	NIL
2	ሙኩታር ከድር|ሙኩታር ከድር	ሙኩታር ከድር|ሙኩታር ከድር	NIL
2	ብሪጣንያ|ብሪጣንያ	ብሪጣንያ|ብሪጣንያ	NIL
2	ኣሰላ|ኣሰላ	ኣሰላ|ኣሰላ	NIL
2	ኣሪዞና|ኣሪዞና	ኣሪዞና|ኣሪዞና	NIL
2	አምስት ኢንተርናሽናል|አምስት ኢንተርናሽናል	አምስት ኢንተርናሽናል|አምስት ኢንተርናሽናል	NIL
2	ኣህጉራዊ ውድብ ጉዳይ ስደተኛታት|ኣህጉራዊ ውድብ ጉዳይ ስደተኛታት	ኣህጉራዊ ውድብ ጉዳይ ስደተኛታት|ኣህጉራዊ ውድብ ጉዳይ ስደተኛታት	NIL
2	ብደለይቲ ፍትሒ|ብደለይቲ ፍትሒ	ብደለይቲ ፍትሒ|ብደለይቲ ፍትሒ	NIL
2	ሕብረት ኣዉሮፓ|ሕብረት ኣዉሮፓ	ሕብረት ኣዉሮፓ|ሕብረት ኣዉሮፓ	NIL
2	ኣውሮፓ|ኣውሮፓ	ኣውሮፓ|ኣውሮፓ	NIL
2	ኣህጉራዊ ውድብ ፍልሰት|ኣህጉራዊ ውድብ ፍልሰት	ኣህጉራዊ ውድብ ፍልሰት|ኣህጉራዊ ውድብ ፍልሰት	NIL
2	#Oromiaprotest|#Oromiaprotest	#Oromiaprotest|#Oromiaprotest	NIL
2	ሃይለስላሰን|ሃይለስላሰን	ሃይለስላሰን|ሃይለስላሰን	NIL
2	ሳልቫ ኪር|ሳልቫ ኪር	ሳልቫ ኪር|ሳልቫ ኪር	NIL
2	ሰራዊት ኣግአዚ|ሰራዊት ኣግአዚ	ሰራዊት ኣግአዚ|ሰራዊት ኣግአዚ	NIL
2	ኣሩሲን|ኣሩሲን	ኣሩሲን|ኣሩሲን	NIL
2	ኦሞን|ኦሞን	ኦሞን|ኦሞን	NIL
2	ዓብደላ|ዓብደላ	ዓብደላ|ዓብደላ	NIL
2	መርማሪት ኮምሽን ሕቡራት ሃገራት|መርማሪት ኮምሽን ሕቡራት ሃገራት	መርማሪት ኮምሽን ሕቡራት ሃገራት|መርማሪት ኮምሽን ሕቡራት ሃገራት	NIL
2	#Tigray|#Tigray	#Tigray|#Tigray	NIL
2	ሆያ|ሆያ	ሆያ|ሆያ	NIL
2	ኦጋድጉ|ኦጋድጉ	ኦጋድጉ|ኦጋድጉ	NIL
2	ብኣል-ሸባብ|ብኣል-ሸባብ	ብኣል-ሸባብ|ብኣል-ሸባብ	NIL
2	ሽረን|ሽረን	ሽረን|ሽረን	NIL
2	ብስዑዲ ዓረብ|ብስዑዲ ዓረብ	ብስዑዲ ዓረብ|ብስዑዲ ዓረብ	NIL
2	ንጥልያን|ንጥልያን	ንጥልያን|ንጥልያን	NIL
2	ቤት ፅሕፈት ጉዳያት ኮሚኒኬሽን|ቤት ፅሕፈት ጉዳያት ኮሚኒኬሽን	ቤት ፅሕፈት ጉዳያት ኮሚኒኬሽን|ቤት ፅሕፈት ጉዳያት ኮሚኒኬሽን	NIL
2	ኣምባላጀ|ኣምባላጀ	ኣምባላጀ|ኣምባላጀ	NIL
2	ፋብሪካ ሽኮር ጃዊ|ፋብሪካ ሽኮር ጃዊ	ፋብሪካ ሽኮር ጃዊ|ፋብሪካ ሽኮር ጃዊ	NIL
2	ኤውሮጳን|ኤውሮጳን	ኤውሮጳን|ኤውሮጳን	NIL
2	ነገድ ሙረሌ|ነገድ ሙረሌ	ነገድ ሙረሌ|ነገድ ሙረሌ	NIL
2	ፕሪቶርያ|ፕሪቶርያ	ፕሪቶርያ|ፕሪቶርያ	NIL
2	ስዑዲ|ስዑዲ	ስዑዲ|ስዑዲ	NIL
2	ሙሉጌታ ኣበበ|ሙሉጌታ ኣበበ	ሙሉጌታ ኣበበ|ሙሉጌታ ኣበበ	NIL
2	ሶማልያን|ሶማልያን	ሶማልያን|ሶማልያን	NIL
2	ኢሳያስ|ኢሳያስ	ኢሳያስ|ኢሳያስ	NIL
2	መኢኣድ|መኢኣድ	መኢኣድ|መኢኣድ	NIL
2	ማእከላይ ምብራቕ|ማእከላይ ምብራቕ	ማእከላይ ምብራቕ|ማእከላይ ምብራቕ	NIL
2	ቤልጅዩም|ቤልጅዩም	ቤልጅዩም|ቤልጅዩም	NIL
2	ሓውዜንን|ሓውዜንን	ሓውዜንን|ሓውዜንን	NIL
2	ኣኘዋክ|ኣኘዋክ	ኣኘዋክ|ኣኘዋክ	NIL
2	ዘይድ ኣል ሑሰይን|ዘይድ ኣል ሑሰይን	ዘይድ ኣል ሑሰይን|ዘይድ ኣል ሑሰይን	NIL
2	ኣፅቢ ወንበርታ|ኣፅቢ ወንበርታ	ኣፅቢ ወንበርታ|ኣፅቢ ወንበርታ	NIL
2	ማእኸል|ማእኸል	ማእኸል|ማእኸል	NIL
2	ማይ ፀብሪ|ማይ ፀብሪ	ማይ ፀብሪ|ማይ ፀብሪ	NIL
2	ሻሽመኔ|ሻሽመኔ	ሻሽመኔ|ሻሽመኔ	NIL
2	ማይክ ስሚዝ|ማይክ ስሚዝ	ማይክ ስሚዝ|ማይክ ስሚዝ	NIL
2	ጭሮ|ጭሮ	ጭሮ|ጭሮ	NIL
2	ዴ.ም.ህ.ት|ዴ.ም.ህ.ት	ዴ.ም.ህ.ት|ዴ.ም.ህ.ት	NIL
2	ኢህወዴግን|ኢህወዴግን	ኢህወዴግን|ኢህወዴግን	NIL
2	ኣርሲ ነገሌ|ኣርሲ ነገሌ	ኣርሲ ነገሌ|ኣርሲ ነገሌ	NIL
2	ኦሬንታል ተዋህዶ ቤተክርስትያናት|ኦሬንታል ተዋህዶ ቤተክርስትያናት	ኦሬንታል ተዋህዶ ቤተክርስትያናት|ኦሬንታል ተዋህዶ ቤተክርስትያናት	NIL
2	ኣለማየሁ|ኣለማየሁ	ኣለማየሁ|ኣለማየሁ	NIL
2	ማይድማ|ማይድማ	ማይድማ|ማይድማ	NIL
2	ኢትዮጵያዉያን|ኢትዮጵያዉያን	ኢትዮጵያዉያን|ኢትዮጵያዉያን	NIL
2	ኣልጀዚራ|ኣልጀዚራ	ኣልጀዚራ|ኣልጀዚራ	NIL
2	ዓረና መድረኽ|ዓረና መድረኽ	ዓረና መድረኽ|ዓረና መድረኽ	NIL
2	ማንኪ|ማንኪ	ማንኪ|ማንኪ	NIL
2	ሙኒኽ|ሙኒኽ	ሙኒኽ|ሙኒኽ	NIL
2	#Egypt|#Egypt	#Egypt|#Egypt	NIL
2	ጋይንት|ጋይንት	ጋይንት|ጋይንት	NIL
2	ብዳዒሽ|ብዳዒሽ	ብዳዒሽ|ብዳዒሽ	NIL
2	ኢሳይያስን|ኢሳይያስን	ኢሳይያስን|ኢሳይያስን	NIL
2	ምትኩ ካሳ|ምትኩ ካሳ	ምትኩ ካሳ|ምትኩ ካሳ	NIL
2	ራማዲ|ራማዲ	ራማዲ|ራማዲ	NIL
2	ሶማላዊ|ሶማላዊ	ሶማላዊ|ሶማላዊ	NIL
2	ዒራቕን|ዒራቕን	ዒራቕን|ዒራቕን	NIL
2	ሱማልን|ሱማልን	ሱማልን|ሱማልን	NIL
2	ኢርሚያስ|ኢርሚያስ	ኢርሚያስ|ኢርሚያስ	NIL
2	ኣይሲሲ|ኣይሲሲ	ኣይሲሲ|ኣይሲሲ	NIL
2	ምብራቕ ሃረርጌ|ምብራቕ ሃረርጌ	ምብራቕ ሃረርጌ|ምብራቕ ሃረርጌ	NIL
2	ኣደሬ|ኣደሬ	ኣደሬ|ኣደሬ	NIL
2	ሰበታ|ሰበታ	ሰበታ|ሰበታ	NIL
2	ሻሸመንየ|ሻሸመንየ	ሻሸመንየ|ሻሸመንየ	NIL
2	ምሕቛን|ምሕቛን	ምሕቛን|ምሕቛን	NIL
2	ሪክ ማቻር|ሪክ ማቻር	ሪክ ማቻር|ሪክ ማቻር	NIL
2	ሕ/ሃ:|ሕ/ሃ:	ሕ/ሃ:|ሕ/ሃ:	NIL
2	ንኤሮጳ|ንኤሮጳ	ንኤሮጳ|ንኤሮጳ	NIL
2	ኻርቱም|ኻርቱም	ኻርቱም|ኻርቱም	NIL
2	ው/መ/ዓ|ው/መ/ዓ	ው/መ/ዓ|ው/መ/ዓ	NIL
2	ሕብረት ኣውሮፓ|ሕብረት ኣውሮፓ	ሕብረት ኣውሮፓ|ሕብረት ኣውሮፓ	NIL
2	ወሎ|ወሎ	ወሎ|ወሎ	NIL
2	ተስፋማርያም ቦኽረጼን መርኢድ|ተስፋማርያም ቦኽረጼን መርኢድ	ተስፋማርያም ቦኽረጼን መርኢድ|ተስፋማርያም ቦኽረጼን መርኢድ	NIL
2	ጅርመን|ጅርመን	ጅርመን|ጅርመን	NIL
2	ዓሊ ኣሕመድ|ዓሊ ኣሕመድ	ዓሊ ኣሕመድ|ዓሊ ኣሕመድ	NIL
2	ቀይሕ መስቀል|ቀይሕ መስቀል	ቀይሕ መስቀል|ቀይሕ መስቀል	NIL
2	ኤትራውያን|ኤትራውያን	ኤትራውያን|ኤትራውያን	NIL
2	#VOATigrina|#VOATigrina	#VOATigrina|#VOATigrina	NIL
2	ቢቢሲ|ቢቢሲ	ቢቢሲ|ቢቢሲ	NIL
2	EUDC|EUDC	EUDC|EUDC	NIL
2	ዓለምለኸ ውድብ ፍልሰተኛታት|ዓለምለኸ ውድብ ፍልሰተኛታት	ዓለምለኸ ውድብ ፍልሰተኛታት|ዓለምለኸ ውድብ ፍልሰተኛታት	NIL
2	ሰልፊ ደሞክራት|ሰልፊ ደሞክራት	ሰልፊ ደሞክራት|ሰልፊ ደሞክራት	NIL
2	ንዳዒሽ|ንዳዒሽ	ንዳዒሽ|ንዳዒሽ	NIL
2	ደለይቲ ፍትሒ|ደለይቲ ፍትሒ	ደለይቲ ፍትሒ|ደለይቲ ፍትሒ	NIL
2	ማሕበር ቀይሕ መስቀል|ማሕበር ቀይሕ መስቀል	ማሕበር ቀይሕ መስቀል|ማሕበር ቀይሕ መስቀል	NIL
2	ባይቶ ጸጥታ ሕቡራት ሃገራት|ባይቶ ጸጥታ ሕቡራት ሃገራት	ባይቶ ጸጥታ ሕቡራት ሃገራት|ባይቶ ጸጥታ ሕቡራት ሃገራት	NIL
2	ዳንግላ|ዳንግላ	ዳንግላ|ዳንግላ	NIL
2	ዩሴኤኣይዲ(USAID)|ዩሴኤኣይዲ(USAID)	ዩሴኤኣይዲ(USAID)|ዩሴኤኣይዲ(USAID)	NIL
2	ዓብዪ ዓዲ|ዓብዪ ዓዲ	ዓብዪ ዓዲ|ዓብዪ ዓዲ	NIL
2	ሮይተርስ|ሮይተርስ	ሮይተርስ|ሮይተርስ	NIL
2	ዩሴአኣይዲ|ዩሴአኣይዲ	ዩሴአኣይዲ|ዩሴአኣይዲ	NIL
2	ሓየሎም|ሓየሎም	ሓየሎም|ሓየሎም	NIL
2	ናይጀርያን|ናይጀርያን	ናይጀርያን|ናይጀርያን	NIL
2	ኣሕመድ|ኣሕመድ	ኣሕመድ|ኣሕመድ	NIL
2	ኑኑ|ኑኑ	ኑኑ|ኑኑ	NIL
2	ኡጋንዳን|ኡጋንዳን	ኡጋንዳን|ኡጋንዳን	NIL
2	ቱርኪን|ቱርኪን	ቱርኪን|ቱርኪን	NIL
2	ኮርፖረሽን ፓናሶኒክ|ኮርፖረሽን ፓናሶኒክ	ኮርፖረሽን ፓናሶኒክ|ኮርፖረሽን ፓናሶኒክ	NIL
2	#WHO|#WHO	#WHO|#WHO	NIL
2	ጅብሩኽ|ጅብሩኽ	ጅብሩኽ|ጅብሩኽ	NIL
2	ዓዲ ሻሃይ|ዓዲ ሻሃይ	ዓዲ ሻሃይ|ዓዲ ሻሃይ	NIL
2	ነጆ|ነጆ	ነጆ|ነጆ	NIL
2	ንመድሃኔ ይሕደጎ መርእድ|ንመድሃኔ ይሕደጎ መርእድ	ንመድሃኔ ይሕደጎ መርእድ|ንመድሃኔ ይሕደጎ መርእድ	NIL
2	ኤርትራና|ኤርትራና	ኤርትራና|ኤርትራና	NIL
2	#AlShabaab|#AlShabaab	#AlShabaab|#AlShabaab	NIL
2	ጃኮፕ ዙማ|ጃኮፕ ዙማ	ጃኮፕ ዙማ|ጃኮፕ ዙማ	NIL
2	መሓሪ ሓጎስ|መሓሪ ሓጎስ	መሓሪ ሓጎስ|መሓሪ ሓጎስ	NIL
2	ሳልቫኪር ሚያርዲት|ሳልቫኪር ሚያርዲት	ሳልቫኪር ሚያርዲት|ሳልቫኪር ሚያርዲት	NIL
2	ኢትዮጵያ፡ኣብ|ኢትዮጵያ፡ኣብ	ኢትዮጵያ፡ኣብ|ኢትዮጵያ፡ኣብ	NIL
2	እስክንድር ፍሬው|እስክንድር ፍሬው	እስክንድር ፍሬው|እስክንድር ፍሬው	NIL
2	ንድምጺ ኣሰና|ንድምጺ ኣሰና	ንድምጺ ኣሰና|ንድምጺ ኣሰና	NIL
2	ኣመሪካውያን|ኣመሪካውያን	ኣመሪካውያን|ኣመሪካውያን	NIL
2	ሞያሌን|ሞያሌን	ሞያሌን|ሞያሌን	NIL
2	#Belgium|#Belgium	#Belgium|#Belgium	NIL
2	ብዳዕሽ|ብዳዕሽ	ብዳዕሽ|ብዳዕሽ	NIL
2	ሰኔጋል|ሰኔጋል	ሰኔጋል|ሰኔጋል	NIL
2	ቃፍታ ሑመራ|ቃፍታ ሑመራ	ቃፍታ ሑመራ|ቃፍታ ሑመራ	NIL
2	መድሃኔ|መድሃኔ	መድሃኔ|መድሃኔ	NIL
2	ትክል ድንጋይ|ትክል ድንጋይ	ትክል ድንጋይ|ትክል ድንጋይ	NIL
2	ኣውደይ|ኣውደይ	ኣውደይ|ኣውደይ	NIL
2	ኢፍቱ ሙሊሳ|ኢፍቱ ሙሊሳ	ኢፍቱ ሙሊሳ|ኢፍቱ ሙሊሳ	NIL
2	ማእከላይ ኣፍሪቃን|ማእከላይ ኣፍሪቃን	ማእከላይ ኣፍሪቃን|ማእከላይ ኣፍሪቃን	NIL
2	ፓሪስን|ፓሪስን	ፓሪስን|ፓሪስን	NIL
2	ብኣዴን/ኢህወዴግ|ብኣዴን/ኢህወዴግ	ብኣዴን/ኢህወዴግ|ብኣዴን/ኢህወዴግ	NIL
2	መገዲ ኣየር ኢማራት|መገዲ ኣየር ኢማራት	መገዲ ኣየር ኢማራት|መገዲ ኣየር ኢማራት	NIL
2	ብውድብ ሕቡራት ሃገራት|ብውድብ ሕቡራት ሃገራት	ብውድብ ሕቡራት ሃገራት|ብውድብ ሕቡራት ሃገራት	NIL
2	ዶናልድ ትራምፕ|ዶናልድ ትራምፕ	ዶናልድ ትራምፕ|ዶናልድ ትራምፕ	NIL
2	ህወሓት/ኢህወዴግ|ህወሓት/ኢህወዴግ	ህወሓት/ኢህወዴግ|ህወሓት/ኢህወዴግ	NIL
2	መንግስቱ|መንግስቱ	መንግስቱ|መንግስቱ	NIL
2	ንፋስ ማውጫ|ንፋስ ማውጫ	ንፋስ ማውጫ|ንፋስ ማውጫ	NIL
2	ዓፋርን|ዓፋርን	ዓፋርን|ዓፋርን	NIL
2	ባሌ|ባሌ	ባሌ|ባሌ	NIL
2	ንሊብያ|ንሊብያ	ንሊብያ|ንሊብያ	NIL
1	ዶሎ ማናን|ዶሎ ማናን	ዶሎ ማናን|ዶሎ ማናን	NIL
1	ብሚኒስትሪ ጥዕና|ብሚኒስትሪ ጥዕና	ብሚኒስትሪ ጥዕና|ብሚኒስትሪ ጥዕና	NIL
1	Trump's|Trump's	Trump's|Trump's	NIL
1	በኒ ወሊድ|በኒ ወሊድ	በኒ ወሊድ|በኒ ወሊድ	NIL
1	ጃኮብ ዙማ|ጃኮብ ዙማ	ጃኮብ ዙማ|ጃኮብ ዙማ	NIL
1	ኣህጉረ ስብከታት መንበረ ጵጵስና|ኣህጉረ ስብከታት መንበረ ጵጵስና	ኣህጉረ ስብከታት መንበረ ጵጵስና|ኣህጉረ ስብከታት መንበረ ጵጵስና	NIL
1	ሙክታር ከ|ሙክታር ከ	ሙክታር ከ|ሙክታር ከ	NIL
1	SKYTG24|SKYTG24	SKYTG24|SKYTG24	NIL
1	-ሕ/ሃ|-ሕ/ሃ	-ሕ/ሃ|-ሕ/ሃ	NIL
1	Addisalem Hagos|Addisalem Hagos	Addisalem Hagos|Addisalem Hagos	NIL
1	መቆዶንያን|መቆዶንያን	መቆዶንያን|መቆዶንያን	NIL
1	ሲቺልያ|ሲቺልያ	ሲቺልያ|ሲቺልያ	NIL
1	ህንጻ ውድብ ሕቡራት ሃገራት|ህንጻ ውድብ ሕቡራት ሃገራት	ህንጻ ውድብ ሕቡራት ሃገራት|ህንጻ ውድብ ሕቡራት ሃገራት	NIL
1	መድሃኔ ተስፋማርያም በርሀ|መድሃኔ ተስፋማርያም በርሀ	መድሃኔ ተስፋማርያም በርሀ|መድሃኔ ተስፋማርያም በርሀ	NIL
1	ፒት ማንፊልድ|ፒት ማንፊልድ	ፒት ማንፊልድ|ፒት ማንፊልድ	NIL
1	ንሰራዊት ሕድሪ|ንሰራዊት ሕድሪ	ንሰራዊት ሕድሪ|ንሰራዊት ሕድሪ	NIL
1	ፌለኪስ ሆርን|ፌለኪስ ሆርን	ፌለኪስ ሆርን|ፌለኪስ ሆርን	NIL
1	ፓልመይራ-ሶርያ:|ፓልመይራ-ሶርያ:	ፓልመይራ-ሶርያ:|ፓልመይራ-ሶርያ:	NIL
1	ኣንበስ|ኣንበስ	ኣንበስ|ኣንበስ	NIL
1	ግሃደኤ-ሕድሪ|ግሃደኤ-ሕድሪ	ግሃደኤ-ሕድሪ|ግሃደኤ-ሕድሪ	NIL
1	መንግስቱ ሃይለማርያም|መንግስቱ ሃይለማርያም	መንግስቱ ሃይለማርያም|መንግስቱ ሃይለማርያም	NIL
1	ኣልቓዒዳ|ኣልቓዒዳ	ኣልቓዒዳ|ኣልቓዒዳ	NIL
1	ሳቤ|ሳቤ	ሳቤ|ሳቤ	NIL
1	ከብልዎ፡ኤልሳ ጭሩም|ከብልዎ፡ኤልሳ ጭሩም	ከብልዎ፡ኤልሳ ጭሩም|ከብልዎ፡ኤልሳ ጭሩም	NIL
1	ዓለምለኸ ውድብ ስደተኛታት|ዓለምለኸ ውድብ ስደተኛታት	ዓለምለኸ ውድብ ስደተኛታት|ዓለምለኸ ውድብ ስደተኛታት	NIL
1	`ትግራይ|`ትግራይ	`ትግራይ|`ትግራይ	NIL
1	ማሕበር ወነንቲ ባጃጅ|ማሕበር ወነንቲ ባጃጅ	ማሕበር ወነንቲ ባጃጅ|ማሕበር ወነንቲ ባጃጅ	NIL
1	ኣልደይም|ኣልደይም	ኣልደይም|ኣልደይም	NIL
1	ሶማልያን’ውን|ሶማልያን’ውን	ሶማልያን’ውን|ሶማልያን’ውን	NIL
1	መቂ|መቂ	መቂ|መቂ	NIL
1	ከዲር|ከዲር	ከዲር|ከዲር	NIL
1	ከምኢትዮጵያ|ከምኢትዮጵያ	ከምኢትዮጵያ|ከምኢትዮጵያ	NIL
1	ኣሊፖ ሆስፒታል|ኣሊፖ ሆስፒታል	ኣሊፖ ሆስፒታል|ኣሊፖ ሆስፒታል	NIL
1	ቀርኒ ፍሪቃ|ቀርኒ ፍሪቃ	ቀርኒ ፍሪቃ|ቀርኒ ፍሪቃ	NIL
1	ሸንለ|ሸንለ	ሸንለ|ሸንለ	NIL
1	ንግብጽን|ንግብጽን	ንግብጽን|ንግብጽን	NIL
1	ኣድሓነት ገብረመስቀል ገብረ|ኣድሓነት ገብረመስቀል ገብረ	ኣድሓነት ገብረመስቀል ገብረ|ኣድሓነት ገብረመስቀል ገብረ	NIL
1	ዶብ ኣልቦ ሓካይም|ዶብ ኣልቦ ሓካይም	ዶብ ኣልቦ ሓካይም|ዶብ ኣልቦ ሓካይም	NIL
1	ብኢህወዴግ|ብኢህወዴግ	ብኢህወዴግ|ብኢህወዴግ	NIL
1	ወገራ|ወገራ	ወገራ|ወገራ	NIL
1	ኣንታልያ|ኣንታልያ	ኣንታልያ|ኣንታልያ	NIL
1	ምስያምን|ምስያምን	ምስያምን|ምስያምን	NIL
1	#Ethiopia.|#Ethiopia.	#Ethiopia.|#Ethiopia.	NIL
1	ኣዲሱ|ኣዲሱ	ኣዲሱ|ኣዲሱ	NIL
1	ዝነብሩ፡ንህግደፍ|ዝነብሩ፡ንህግደፍ	ዝነብሩ፡ንህግደፍ|ዝነብሩ፡ንህግደፍ	NIL
1	ደምበላሽ ይደግ|ደምበላሽ ይደግ	ደምበላሽ ይደግ|ደምበላሽ ይደግ	NIL
1	ብሳሕልን|ብሳሕልን	ብሳሕልን|ብሳሕልን	NIL
1	ፍቃዱ ሚርካናን|ፍቃዱ ሚርካናን	ፍቃዱ ሚርካናን|ፍቃዱ ሚርካናን	NIL
1	ብዴምህት|ብዴምህት	ብዴምህት|ብዴምህት	NIL
1	ጆን ኬርይ|ጆን ኬርይ	ጆን ኬርይ|ጆን ኬርይ	NIL
1	የማነ ገብርኣብ|የማነ ገብርኣብ	የማነ ገብርኣብ|የማነ ገብርኣብ	NIL
1	ራያ ዓዘቦን|ራያ ዓዘቦን	ራያ ዓዘቦን|ራያ ዓዘቦን	NIL
1	ብኢትዮጵያ|ብኢትዮጵያ	ብኢትዮጵያ|ብኢትዮጵያ	NIL
1	ሳልቫኪርን|ሳልቫኪርን	ሳልቫኪርን|ሳልቫኪርን	NIL
1	ብጫድ|ብጫድ	ብጫድ|ብጫድ	NIL
1	ብኤርትራ|ብኤርትራ	ብኤርትራ|ብኤርትራ	NIL
1	#SyrianArmy|#SyrianArmy	#SyrianArmy|#SyrianArmy	NIL
1	ጋድፍረይ|ጋድፍረይ	ጋድፍረይ|ጋድፍረይ	NIL
1	ማእከላይ ምብራቕን|ማእከላይ ምብራቕን	ማእከላይ ምብራቕን|ማእከላይ ምብራቕን	NIL
1	ሞጆ|ሞጆ	ሞጆ|ሞጆ	NIL
1	ኣከለጉዛይ|ኣከለጉዛይ	ኣከለጉዛይ|ኣከለጉዛይ	NIL
1	ግንባር አርበኞች ግንቦት 7|ግንባር አርበኞች ግንቦት 7	ግንባር አርበኞች ግንቦት 7|ግንባር አርበኞች ግንቦት 7	NIL
1	ስሪላንካ|ስሪላንካ	ስሪላንካ|ስሪላንካ	NIL
1	ሶማሌን’ዩ|ሶማሌን’ዩ	ሶማሌን’ዩ|ሶማሌን’ዩ	NIL
1	ኣንቹማ|ኣንቹማ	ኣንቹማ|ኣንቹማ	NIL
1	ሚ/ጥዕና|ሚ/ጥዕና	ሚ/ጥዕና|ሚ/ጥዕና	NIL
1	ዓርቢ ሓርነት|ዓርቢ ሓርነት	ዓርቢ ሓርነት|ዓርቢ ሓርነት	NIL
1	ፖል ካጋሜ|ፖል ካጋሜ	ፖል ካጋሜ|ፖል ካጋሜ	NIL
1	መርማሪ ኮምሽን ውድብ ሕቡራት ሃገራት|መርማሪ ኮምሽን ውድብ ሕቡራት ሃገራት	መርማሪ ኮምሽን ውድብ ሕቡራት ሃገራት|መርማሪ ኮምሽን ውድብ ሕቡራት ሃገራት	NIL
1	ኦሮሞያ፤ክልላት|ኦሮሞያ፤ክልላት	ኦሮሞያ፤ክልላት|ኦሮሞያ፤ክልላት	NIL
1	ኒኮዛዛና ድላሚኒ-ዙማ|ኒኮዛዛና ድላሚኒ-ዙማ	ኒኮዛዛና ድላሚኒ-ዙማ|ኒኮዛዛና ድላሚኒ-ዙማ	NIL
1	ሳልቫኪር|ሳልቫኪር	ሳልቫኪር|ሳልቫኪር	NIL
1	ዛራ ተወልደብርሃን|ዛራ ተወልደብርሃን	ዛራ ተወልደብርሃን|ዛራ ተወልደብርሃን	NIL
1	ኢሳያይስ|ኢሳያይስ	ኢሳያይስ|ኢሳያይስ	NIL
1	ኣሜርካ|ኣሜርካ	ኣሜርካ|ኣሜርካ	NIL
1	Iraqi|Iraqi	Iraqi|Iraqi	NIL
1	#SyriaTalks|#SyriaTalks	#SyriaTalks|#SyriaTalks	NIL
1	ቡሌ ሆራ|ቡሌ ሆራ	ቡሌ ሆራ|ቡሌ ሆራ	NIL
1	ውድብ ሕቡራት|ውድብ ሕቡራት	ውድብ ሕቡራት|ውድብ ሕቡራት	NIL
1	ኣርጆን|ኣርጆን	ኣርጆን|ኣርጆን	NIL
1	ኣስቻለው ግድሳ|ኣስቻለው ግድሳ	ኣስቻለው ግድሳ|ኣስቻለው ግድሳ	NIL
1	ኣብዲ ሑሴን|ኣብዲ ሑሴን	ኣብዲ ሑሴን|ኣብዲ ሑሴን	NIL
1	#Eritrea:|#Eritrea:	#Eritrea:|#Eritrea:	NIL
1	ኣምሓራ'ውን|ኣምሓራ'ውን	ኣምሓራ'ውን|ኣምሓራ'ውን	NIL
1	ኦሮምያ፡ተቃውሞ|ኦሮምያ፡ተቃውሞ	ኦሮምያ፡ተቃውሞ|ኦሮምያ፡ተቃውሞ	NIL
1	ኣዲሱ ለገሰ|ኣዲሱ ለገሰ	ኣዲሱ ለገሰ|ኣዲሱ ለገሰ	NIL
1	ዴሴ|ዴሴ	ዴሴ|ዴሴ	NIL
1	ኦባማ|ኦባማ	ኦባማ|ኦባማ	NIL
1	ብብሩክ ብርሃኑ|ብብሩክ ብርሃኑ	ብብሩክ ብርሃኑ|ብብሩክ ብርሃኑ	NIL
1	#Obama|#Obama	#Obama|#Obama	NIL
1	ንሶርያዊያን|ንሶርያዊያን	ንሶርያዊያን|ንሶርያዊያን	NIL
1	ዳሮ፣ለቡን|ዳሮ፣ለቡን	ዳሮ፣ለቡን|ዳሮ፣ለቡን	NIL
1	ቡራዩ|ቡራዩ	ቡራዩ|ቡራዩ	NIL
1	ከሰላ|ከሰላ	ከሰላ|ከሰላ	NIL
1	መንበረ ጵጵስና ኣህጉረ|መንበረ ጵጵስና ኣህጉረ	መንበረ ጵጵስና ኣህጉረ|መንበረ ጵጵስና ኣህጉረ	NIL
1	ወይኒሃረግ ሃይለ(በኪ)|ወይኒሃረግ ሃይለ(በኪ)	ወይኒሃረግ ሃይለ(በኪ)|ወይኒሃረግ ሃይለ(በኪ)	NIL
1	ኢሳይይስ|ኢሳይይስ	ኢሳይይስ|ኢሳይይስ	NIL
1	ጆን ኬሪ|ጆን ኬሪ	ጆን ኬሪ|ጆን ኬሪ	NIL
1	#Mogadishu|#Mogadishu	#Mogadishu|#Mogadishu	NIL
1	ኮሌጅ ሕክምና እንስሳ መቐለ|ኮሌጅ ሕክምና እንስሳ መቐለ	ኮሌጅ ሕክምና እንስሳ መቐለ|ኮሌጅ ሕክምና እንስሳ መቐለ	NIL
1	ዶላ|ዶላ	ዶላ|ዶላ	NIL
1	#Cambodia|#Cambodia	#Cambodia|#Cambodia	NIL
1	ጁቡቲ|ጁቡቲ	ጁቡቲ|ጁቡቲ	NIL
1	ፓርቲ ፌደራሊስት|ፓርቲ ፌደራሊስት	ፓርቲ ፌደራሊስት|ፓርቲ ፌደራሊስት	NIL
1	ስ/ዓረብ|ስ/ዓረብ	ስ/ዓረብ|ስ/ዓረብ	NIL
1	ኣሳድ|ኣሳድ	ኣሳድ|ኣሳድ	NIL
1	ኣሚሶም|ኣሚሶም	ኣሚሶም|ኣሚሶም	NIL
1	ኣንትዋኔት|ኣንትዋኔት	ኣንትዋኔት|ኣንትዋኔት	NIL
1	ወለጋ፣ጀልዱ|ወለጋ፣ጀልዱ	ወለጋ፣ጀልዱ|ወለጋ፣ጀልዱ	NIL
1	ኬንያን|ኬንያን	ኬንያን|ኬንያን	NIL
1	ቱኒዝያ|ቱኒዝያ	ቱኒዝያ|ቱኒዝያ	NIL
1	ኤፍኮ|ኤፍኮ	ኤፍኮ|ኤፍኮ	NIL
1	ብእስላማዊ ዕጡቓት|ብእስላማዊ ዕጡቓት	ብእስላማዊ ዕጡቓት|ብእስላማዊ ዕጡቓት	NIL
1	ጉድሩ|ጉድሩ	ጉድሩ|ጉድሩ	NIL
1	ምስራዊ|ምስራዊ	ምስራዊ|ምስራዊ	NIL
1	ዓረና ፓርቲ|ዓረና ፓርቲ	ዓረና ፓርቲ|ዓረና ፓርቲ	NIL
1	ኢዮብ ገረህላሴ|ኢዮብ ገረህላሴ	ኢዮብ ገረህላሴ|ኢዮብ ገረህላሴ	NIL
1	ኢ.ህ.ወ.ደ.ግ|ኢ.ህ.ወ.ደ.ግ	ኢ.ህ.ወ.ደ.ግ|ኢ.ህ.ወ.ደ.ግ	NIL
1	ሚኒስትሪ ጥዕና፡ክፍሊ|ሚኒስትሪ ጥዕና፡ክፍሊ	ሚኒስትሪ ጥዕና፡ክፍሊ|ሚኒስትሪ ጥዕና፡ክፍሊ	NIL
1	ኢራቕ|ኢራቕ	ኢራቕ|ኢራቕ	NIL
1	ኣምነስቲ ኢንተርናሽናልን|ኣምነስቲ ኢንተርናሽናልን	ኣምነስቲ ኢንተርናሽናልን|ኣምነስቲ ኢንተርናሽናልን	NIL
1	ያሲን ተሰማ|ያሲን ተሰማ	ያሲን ተሰማ|ያሲን ተሰማ	NIL
1	ገርሁ ሰርናይ|ገርሁ ሰርናይ	ገርሁ ሰርናይ|ገርሁ ሰርናይ	NIL
1	ንኢትዮጵያ’ዩ|ንኢትዮጵያ’ዩ	ንኢትዮጵያ’ዩ|ንኢትዮጵያ’ዩ	NIL
1	ጂካውን|ጂካውን	ጂካውን|ጂካውን	NIL
1	ንኤርትራውያን|ንኤርትራውያን	ንኤርትራውያን|ንኤርትራውያን	NIL
1	ጢስ ኣባይ|ጢስ ኣባይ	ጢስ ኣባይ|ጢስ ኣባይ	NIL
1	ብህግደፍ|ብህግደፍ	ብህግደፍ|ብህግደፍ	NIL
1	ባህሪዳርን|ባህሪዳርን	ባህሪዳርን|ባህሪዳርን	NIL
1	ሆሮ ገድሩ|ሆሮ ገድሩ	ሆሮ ገድሩ|ሆሮ ገድሩ	NIL
1	ቀጠር|ቀጠር	ቀጠር|ቀጠር	NIL
1	ኣመሪካን|ኣመሪካን	ኣመሪካን|ኣመሪካን	NIL
1	ባይቶ ጸጥታን|ባይቶ ጸጥታን	ባይቶ ጸጥታን|ባይቶ ጸጥታን	NIL
1	ማእከላይ ባሕሪን|ማእከላይ ባሕሪን	ማእከላይ ባሕሪን|ማእከላይ ባሕሪን	NIL
1	ሰሓራን|ሰሓራን	ሰሓራን|ሰሓራን	NIL
1	ብርሃነ ተስፋይ|ብርሃነ ተስፋይ	ብርሃነ ተስፋይ|ብርሃነ ተስፋይ	NIL
1	ነቀምቴ|ነቀምቴ	ነቀምቴ|ነቀምቴ	NIL
1	ኣቡዳቢ|ኣቡዳቢ	ኣቡዳቢ|ኣቡዳቢ	NIL
1	ራይነማሪያ ቮልኪ|ራይነማሪያ ቮልኪ	ራይነማሪያ ቮልኪ|ራይነማሪያ ቮልኪ	NIL
1	ምንያፓሊስ|ምንያፓሊስ	ምንያፓሊስ|ምንያፓሊስ	NIL
1	አርሲ|አርሲ	አርሲ|አርሲ	NIL
1	ቤቲና ሉስቸር|ቤቲና ሉስቸር	ቤቲና ሉስቸር|ቤቲና ሉስቸር	NIL
1	ዲባርቲ ጉሃ-ስፕር|ዲባርቲ ጉሃ-ስፕር	ዲባርቲ ጉሃ-ስፕር|ዲባርቲ ጉሃ-ስፕር	NIL
1	ትህትና ኣበበ|ትህትና ኣበበ	ትህትና ኣበበ|ትህትና ኣበበ	NIL
1	ባር ሸቫ|ባር ሸቫ	ባር ሸቫ|ባር ሸቫ	NIL
1	ሞቃድሾ|ሞቃድሾ	ሞቃድሾ|ሞቃድሾ	NIL
1	UNHCR|UNHCR	UNHCR|UNHCR	NIL
1	ቓዛፊ|ቓዛፊ	ቓዛፊ|ቓዛፊ	NIL
1	ሸሪፈይ|ሸሪፈይ	ሸሪፈይ|ሸሪፈይ	NIL
1	ቤ/ጽ ኮሚኒኬሽን|ቤ/ጽ ኮሚኒኬሽን	ቤ/ጽ ኮሚኒኬሽን|ቤ/ጽ ኮሚኒኬሽን	NIL
1	ትሕቲ-ሰሃራ|ትሕቲ-ሰሃራ	ትሕቲ-ሰሃራ|ትሕቲ-ሰሃራ	NIL
1	MSF|MSF	MSF|MSF	NIL
1	መዲቦም፡ሊብያ|መዲቦም፡ሊብያ	መዲቦም፡ሊብያ|መዲቦም፡ሊብያ	NIL
1	ምስሪ|ምስሪ	ምስሪ|ምስሪ	NIL
1	ዓድ ኩኩይን|ዓድ ኩኩይን	ዓድ ኩኩይን|ዓድ ኩኩይን	NIL
1	ጸሮና|ጸሮና	ጸሮና|ጸሮና	NIL
1	ፑንትላንድ|ፑንትላንድ	ፑንትላንድ|ፑንትላንድ	NIL
1	UNCIEF|UNCIEF	UNCIEF|UNCIEF	NIL
1	ጣህር ሳልም|ጣህር ሳልም	ጣህር ሳልም|ጣህር ሳልም	NIL
1	ግብፂ|ግብፂ	ግብፂ|ግብፂ	NIL
1	ደቡብ`ውን|ደቡብ`ውን	ደቡብ`ውን|ደቡብ`ውን	NIL
1	ፈደራሊስት ኮንግረስ ኦሮሞ|ፈደራሊስት ኮንግረስ ኦሮሞ	ፈደራሊስት ኮንግረስ ኦሮሞ|ፈደራሊስት ኮንግረስ ኦሮሞ	NIL
1	ስልጤ|ስልጤ	ስልጤ|ስልጤ	NIL
1	ባህሪዳር|ባህሪዳር	ባህሪዳር|ባህሪዳር	NIL
1	@VOATIGIRGNA|@VOATIGIRGNA	@VOATIGIRGNA|@VOATIGIRGNA	NIL
1	ቦማኮ|ቦማኮ	ቦማኮ|ቦማኮ	NIL
1	#Gambella|#Gambella	#Gambella|#Gambella	NIL
1	ፅጋቡ ኣስመላሽ ገብረህይወት|ፅጋቡ ኣስመላሽ ገብረህይወት	ፅጋቡ ኣስመላሽ ገብረህይወት|ፅጋቡ ኣስመላሽ ገብረህይወት	NIL
1	ኢትዩጵያ|ኢትዩጵያ	ኢትዩጵያ|ኢትዩጵያ	NIL
1	ማይ ካድራ|ማይ ካድራ	ማይ ካድራ|ማይ ካድራ	NIL
1	መንዲ|መንዲ	መንዲ|መንዲ	NIL
1	ኣግኣዝን|ኣግኣዝን	ኣግኣዝን|ኣግኣዝን	NIL
1	ኦማር ኣል-ባሽር|ኦማር ኣል-ባሽር	ኦማር ኣል-ባሽር|ኦማር ኣል-ባሽር	NIL
1	#Iraq|#Iraq	#Iraq|#Iraq	NIL
1	#OromiaProtests|#OromiaProtests	#OromiaProtests|#OromiaProtests	NIL
1	ግንባር ሓርነት ኦጋዴንን|ግንባር ሓርነት ኦጋዴንን	ግንባር ሓርነት ኦጋዴንን|ግንባር ሓርነት ኦጋዴንን	NIL
1	ሙሳ መሓመድ ኣዳም|ሙሳ መሓመድ ኣዳም	ሙሳ መሓመድ ኣዳም|ሙሳ መሓመድ ኣዳም	NIL
1	ግርማይ ዘርኣይን|ግርማይ ዘርኣይን	ግርማይ ዘርኣይን|ግርማይ ዘርኣይን	NIL
1	ሃብቶም ወልደሚካኤል|ሃብቶም ወልደሚካኤል	ሃብቶም ወልደሚካኤል|ሃብቶም ወልደሚካኤል	NIL
1	ባንቱ|ባንቱ	ባንቱ|ባንቱ	NIL
1	ሱማሊያዊ|ሱማሊያዊ	ሱማሊያዊ|ሱማሊያዊ	NIL
1	ምብራቅ ሃረርጌን|ምብራቅ ሃረርጌን	ምብራቅ ሃረርጌን|ምብራቅ ሃረርጌን	NIL
1	ስዊዘርላንድን|ስዊዘርላንድን	ስዊዘርላንድን|ስዊዘርላንድን	NIL
1	ብኢማራት ዓረብ|ብኢማራት ዓረብ	ብኢማራት ዓረብ|ብኢማራት ዓረብ	NIL
1	#IS|#IS	#IS|#IS	NIL
1	ጉደር|ጉደር	ጉደር|ጉደር	NIL
1	ንሮማ|ንሮማ	ንሮማ|ንሮማ	NIL
1	ኣርሲ፣ሆራ ጉድሩ ወለጋ፣ጀልዱ|ኣርሲ፣ሆራ ጉድሩ ወለጋ፣ጀልዱ	ኣርሲ፣ሆራ ጉድሩ ወለጋ፣ጀልዱ|ኣርሲ፣ሆራ ጉድሩ ወለጋ፣ጀልዱ	NIL
1	#Ethioopia|#Ethioopia	#Ethioopia|#Ethioopia	NIL
1	ብሩስያ|ብሩስያ	ብሩስያ|ብሩስያ	NIL
1	ትትግበር።ኤርትራዊ|ትትግበር።ኤርትራዊ	ትትግበር።ኤርትራዊ|ትትግበር።ኤርትራዊ	NIL
1	ኣል-ሸባብ:|ኣል-ሸባብ:	ኣል-ሸባብ:|ኣል-ሸባብ:	NIL
1	ቦኮ ሓራም|ቦኮ ሓራም	ቦኮ ሓራም|ቦኮ ሓራም	NIL
1	ኡጋንዳን'ውን|ኡጋንዳን'ውን	ኡጋንዳን'ውን|ኡጋንዳን'ውን	NIL
1	ኤርትራዉያን|ኤርትራዉያን	ኤርትራዉያን|ኤርትራዉያን	NIL
1	ግብፅን|ግብፅን	ግብፅን|ግብፅን	NIL
1	ዓዲ ክልተ|ዓዲ ክልተ	ዓዲ ክልተ|ዓዲ ክልተ	NIL
1	ታፈረ ቢሻው|ታፈረ ቢሻው	ታፈረ ቢሻው|ታፈረ ቢሻው	NIL
1	ንጉሱ ጥላሁን|ንጉሱ ጥላሁን	ንጉሱ ጥላሁን|ንጉሱ ጥላሁን	NIL
1	ሃፍታሙ|ሃፍታሙ	ሃፍታሙ|ሃፍታሙ	NIL
1	#Texas|#Texas	#Texas|#Texas	NIL
1	ሙኔሳን|ሙኔሳን	ሙኔሳን|ሙኔሳን	NIL
1	ሶርያውያንን|ሶርያውያንን	ሶርያውያንን|ሶርያውያንን	NIL
1	ቤንሻንጉልን|ቤንሻንጉልን	ቤንሻንጉልን|ቤንሻንጉልን	NIL
1	ሶማሊያን|ሶማሊያን	ሶማሊያን|ሶማሊያን	NIL
1	ሃብቶምን ርእሶምን|ሃብቶምን ርእሶምን	ሃብቶምን ርእሶምን|ሃብቶምን ርእሶምን	NIL
1	ሙሓመድ ስዒድ ሻምሲ|ሙሓመድ ስዒድ ሻምሲ	ሙሓመድ ስዒድ ሻምሲ|ሙሓመድ ስዒድ ሻምሲ	NIL
1	ሶርያዊ|ሶርያዊ	ሶርያዊ|ሶርያዊ	NIL
1	ሻዕብያ|ሻዕብያ	ሻዕብያ|ሻዕብያ	NIL
1	ግንባር ሃገራዊ ድሕነት ኤርትራ-ሕድሪ|ግንባር ሃገራዊ ድሕነት ኤርትራ-ሕድሪ	ግንባር ሃገራዊ ድሕነት ኤርትራ-ሕድሪ|ግንባር ሃገራዊ ድሕነት ኤርትራ-ሕድሪ	NIL
1	ኣገልግሎት ዜና ፋርሲ|ኣገልግሎት ዜና ፋርሲ	ኣገልግሎት ዜና ፋርሲ|ኣገልግሎት ዜና ፋርሲ	NIL
1	ወልቃይትን|ወልቃይትን	ወልቃይትን|ወልቃይትን	NIL
1	ዳርፉር|ዳርፉር	ዳርፉር|ዳርፉር	NIL
1	ንጉስ ገብረመድህን|ንጉስ ገብረመድህን	ንጉስ ገብረመድህን|ንጉስ ገብረመድህን	NIL
1	ኣዲስ ኣለም፣ጊንጪ|ኣዲስ ኣለም፣ጊንጪ	ኣዲስ ኣለም፣ጊንጪ|ኣዲስ ኣለም፣ጊንጪ	NIL
1	ፓልመይራ|ፓልመይራ	ፓልመይራ|ፓልመይራ	NIL
1	ኣል ገራቡሊ|ኣል ገራቡሊ	ኣል ገራቡሊ|ኣል ገራቡሊ	NIL
1	ሳንጃ|ሳንጃ	ሳንጃ|ሳንጃ	NIL
1	ሓሰን ሙህዲን|ሓሰን ሙህዲን	ሓሰን ሙህዲን|ሓሰን ሙህዲን	NIL
1	ጄዛን|ጄዛን	ጄዛን|ጄዛን	NIL
1	ደመቀ በላቸዉን|ደመቀ በላቸዉን	ደመቀ በላቸዉን|ደመቀ በላቸዉን	NIL
1	ሓስሓሶን|ሓስሓሶን	ሓስሓሶን|ሓስሓሶን	NIL
1	ሃገራት፣ንሶማልያን|ሃገራት፣ንሶማልያን	ሃገራት፣ንሶማልያን|ሃገራት፣ንሶማልያን	NIL
1	ቢሮ ሓለዋ ጥዕና|ቢሮ ሓለዋ ጥዕና	ቢሮ ሓለዋ ጥዕና|ቢሮ ሓለዋ ጥዕና	NIL
1	ሂርና|ሂርና	ሂርና|ሂርና	NIL
1	ኦማር ኣል-በሽር|ኦማር ኣል-በሽር	ኦማር ኣል-በሽር|ኦማር ኣል-በሽር	NIL
1	ጊሰን|ጊሰን	ጊሰን|ጊሰን	NIL
1	ላዕላይ ኣድያቦ|ላዕላይ ኣድያቦ	ላዕላይ ኣድያቦ|ላዕላይ ኣድያቦ	NIL
1	ሉዘርን|ሉዘርን	ሉዘርን|ሉዘርን	NIL
1	ዒራቕ፣ብሱኒ|ዒራቕ፣ብሱኒ	ዒራቕ፣ብሱኒ|ዒራቕ፣ብሱኒ	NIL
1	ሰንናር|ሰንናር	ሰንናር|ሰንናር	NIL
1	Muthoni Wanyeki|Muthoni Wanyeki	Muthoni Wanyeki|Muthoni Wanyeki	NIL
1	ጨርቆስ|ጨርቆስ	ጨርቆስ|ጨርቆስ	NIL
1	ሚንስትሪ ዜና|ሚንስትሪ ዜና	ሚንስትሪ ዜና|ሚንስትሪ ዜና	NIL
1	ብማረት|ብማረት	ብማረት|ብማረት	NIL
1	ቢሪቱ ፉላሳውን|ቢሪቱ ፉላሳውን	ቢሪቱ ፉላሳውን|ቢሪቱ ፉላሳውን	NIL
1	በደሌ|በደሌ	በደሌ|በደሌ	NIL
1	ሶማልን'ዩ|ሶማልን'ዩ	ሶማልን'ዩ|ሶማልን'ዩ	NIL
1	ኣብርሃ ካስትል|ኣብርሃ ካስትል	ኣብርሃ ካስትል|ኣብርሃ ካስትል	NIL
1	ቢሮ ምንካይ ተፈጥሮኣዊ ጥፍኣት|ቢሮ ምንካይ ተፈጥሮኣዊ ጥፍኣት	ቢሮ ምንካይ ተፈጥሮኣዊ ጥፍኣት|ቢሮ ምንካይ ተፈጥሮኣዊ ጥፍኣት	NIL
1	ኢንኳየሪ ኮሚሽን|ኢንኳየሪ ኮሚሽን	ኢንኳየሪ ኮሚሽን|ኢንኳየሪ ኮሚሽን	NIL
1	ደርዓ|ደርዓ	ደርዓ|ደርዓ	NIL
1	ሰሓፋን|ሰሓፋን	ሰሓፋን|ሰሓፋን	NIL
1	መኢሶ|መኢሶ	መኢሶ|መኢሶ	NIL
1	ሰንዓን’ኳ|ሰንዓን’ኳ	ሰንዓን’ኳ|ሰንዓን’ኳ	NIL
1	Trump|Trump	Trump|Trump	NIL
1	ዓፈር|ዓፈር	ዓፈር|ዓፈር	NIL
1	ዝሕብር።ንሱዳንን|ዝሕብር።ንሱዳንን	ዝሕብር።ንሱዳንን|ዝሕብር።ንሱዳንን	NIL
1	ሲኖዳ|ሲኖዳ	ሲኖዳ|ሲኖዳ	NIL
1	ኪኒያን|ኪኒያን	ኪኒያን|ኪኒያን	NIL
1	ሳራ ተወልደብርሃን ገብረእግዛብሄርን|ሳራ ተወልደብርሃን ገብረእግዛብሄርን	ሳራ ተወልደብርሃን ገብረእግዛብሄርን|ሳራ ተወልደብርሃን ገብረእግዛብሄርን	NIL
1	ንኣሜሪካ|ንኣሜሪካ	ንኣሜሪካ|ንኣሜሪካ	NIL
1	ያእቆብ|ያእቆብ	ያእቆብ|ያእቆብ	NIL
1	ስጳኛ|ስጳኛ	ስጳኛ|ስጳኛ	NIL
1	ወዲ ሸሪፈይ|ወዲ ሸሪፈይ	ወዲ ሸሪፈይ|ወዲ ሸሪፈይ	NIL
1	መዕርፎ ነፈርቲ ብራስለስ|መዕርፎ ነፈርቲ ብራስለስ	መዕርፎ ነፈርቲ ብራስለስ|መዕርፎ ነፈርቲ ብራስለስ	NIL
1	#ኤርትራ|#ኤርትራ	#ኤርትራ|#ኤርትራ	NIL
1	ንግድብ ኣባይ|ንግድብ ኣባይ	ንግድብ ኣባይ|ንግድብ ኣባይ	NIL
1	ኢትዮጽያዊት|ኢትዮጽያዊት	ኢትዮጽያዊት|ኢትዮጽያዊት	NIL
1	ዒላላ|ዒላላ	ዒላላ|ዒላላ	NIL
1	#RadissionBlu|#RadissionBlu	#RadissionBlu|#RadissionBlu	NIL
1	ብራንውን ብሩቶን|ብራንውን ብሩቶን	ብራንውን ብሩቶን|ብራንውን ብሩቶን	NIL
1	#Somaliland…|#Somaliland…	#Somaliland…|#Somaliland…	NIL
1	ዒላ በርዒድን|ዒላ በርዒድን	ዒላ በርዒድን|ዒላ በርዒድን	NIL
1	ዮፍታሄ ድሜጥሮስን|ዮፍታሄ ድሜጥሮስን	ዮፍታሄ ድሜጥሮስን|ዮፍታሄ ድሜጥሮስን	NIL
1	ኢትዮጵያ፣ሱዳንን|ኢትዮጵያ፣ሱዳንን	ኢትዮጵያ፣ሱዳንን|ኢትዮጵያ፣ሱዳንን	NIL
1	ሮበል ተክለኣብን|ሮበል ተክለኣብን	ሮበል ተክለኣብን|ሮበል ተክለኣብን	NIL
1	ኤልሳ|ኤልሳ	ኤልሳ|ኤልሳ	NIL
1	ኣማኑኤል ገብረትንሳኤ|ኣማኑኤል ገብረትንሳኤ	ኣማኑኤል ገብረትንሳኤ|ኣማኑኤል ገብረትንሳኤ	NIL
1	እንዳዓኮራ|እንዳዓኮራ	እንዳዓኮራ|እንዳዓኮራ	NIL
1	ጊንጪ|ጊንጪ	ጊንጪ|ጊንጪ	NIL
1	መንገዲ ኣየር ግብጺ|መንገዲ ኣየር ግብጺ	መንገዲ ኣየር ግብጺ|መንገዲ ኣየር ግብጺ	NIL
1	ባይቶ ብሪጣንያ|ባይቶ ብሪጣንያ	ባይቶ ብሪጣንያ|ባይቶ ብሪጣንያ	NIL
1	ኣርጆ|ኣርጆ	ኣርጆ|ኣርጆ	NIL
1	#UNCHR|#UNCHR	#UNCHR|#UNCHR	NIL
1	ሃይለማርያም ደሳለኝ|ሃይለማርያም ደሳለኝ	ሃይለማርያም ደሳለኝ|ሃይለማርያም ደሳለኝ	NIL
1	#BrusselsAttacks|#BrusselsAttacks	#BrusselsAttacks|#BrusselsAttacks	NIL
1	ብኢህወደግ|ብኢህወደግ	ብኢህወደግ|ብኢህወደግ	NIL
1	ላዕለዋይ ኮሚሽነር ስደተኛታት ውድብ ሕቡራት ሃገራት፡|ላዕለዋይ ኮሚሽነር ስደተኛታት ውድብ ሕቡራት ሃገራት፡	ላዕለዋይ ኮሚሽነር ስደተኛታት ውድብ ሕቡራት ሃገራት፡|ላዕለዋይ ኮሚሽነር ስደተኛታት ውድብ ሕቡራት ሃገራት፡	NIL
1	#Cardiff2016|#Cardiff2016	#Cardiff2016|#Cardiff2016	NIL
1	ኣስመራን|ኣስመራን	ኣስመራን|ኣስመራን	NIL
1	ተስፋማርያም|ተስፋማርያም	ተስፋማርያም|ተስፋማርያም	NIL
1	ጀነቭ|ጀነቭ	ጀነቭ|ጀነቭ	NIL
1	#Congress|#Congress	#Congress|#Congress	NIL
1	ኢህወዴም|ኢህወዴም	ኢህወዴም|ኢህወዴም	NIL
1	ሳልቫ ኪርን|ሳልቫ ኪርን	ሳልቫ ኪርን|ሳልቫ ኪርን	NIL
1	ነጋ፣ሪኢዮት ኣለሙን|ነጋ፣ሪኢዮት ኣለሙን	ነጋ፣ሪኢዮት ኣለሙን|ነጋ፣ሪኢዮት ኣለሙን	NIL
1	ህይዋማን ራይትስ ዎቻ|ህይዋማን ራይትስ ዎቻ	ህይዋማን ራይትስ ዎቻ|ህይዋማን ራይትስ ዎቻ	NIL
1	ኢትዮጵያዊያ|ኢትዮጵያዊያ	ኢትዮጵያዊያ|ኢትዮጵያዊያ	NIL
1	ልብሱ ተስፋሚካኤል|ልብሱ ተስፋሚካኤል	ልብሱ ተስፋሚካኤል|ልብሱ ተስፋሚካኤል	NIL
1	ኤርትራዊት|ኤርትራዊት	ኤርትራዊት|ኤርትራዊት	NIL
1	ሹቕ|ሹቕ	ሹቕ|ሹቕ	NIL
1	ሕብረት ኣውሮጳን|ሕብረት ኣውሮጳን	ሕብረት ኣውሮጳን|ሕብረት ኣውሮጳን	NIL
1	ደምበላስ|ደምበላስ	ደምበላስ|ደምበላስ	NIL
1	ዳዒሽን|ዳዒሽን	ዳዒሽን|ዳዒሽን	NIL
1	ኣርሲን|ኣርሲን	ኣርሲን|ኣርሲን	NIL
1	ኣለሙ ደጉማ|ኣለሙ ደጉማ	ኣለሙ ደጉማ|ኣለሙ ደጉማ	NIL
1	ሽዋ ሮቢት)ኣብ|ሽዋ ሮቢት)ኣብ	ሽዋ ሮቢት)ኣብ|ሽዋ ሮቢት)ኣብ	NIL
1	ሁምናን ራይትስ ዎች|ሁምናን ራይትስ ዎች	ሁምናን ራይትስ ዎች|ሁምናን ራይትስ ዎች	NIL
1	ስዑድ ዓረብን|ስዑድ ዓረብን	ስዑድ ዓረብን|ስዑድ ዓረብን	NIL
1	ሚኒስትር ጉዳያት ወጻእን|ሚኒስትር ጉዳያት ወጻእን	ሚኒስትር ጉዳያት ወጻእን|ሚኒስትር ጉዳያት ወጻእን	NIL
1	ኦሮምያ፡ሚኤሶ|ኦሮምያ፡ሚኤሶ	ኦሮምያ፡ሚኤሶ|ኦሮምያ፡ሚኤሶ	NIL
1	ካትሪን ዱውሃይ|ካትሪን ዱውሃይ	ካትሪን ዱውሃይ|ካትሪን ዱውሃይ	NIL
1	ኦፍላ|ኦፍላ	ኦፍላ|ኦፍላ	NIL
1	ሰሜን-ኣፍሪቃን|ሰሜን-ኣፍሪቃን	ሰሜን-ኣፍሪቃን|ሰሜን-ኣፍሪቃን	NIL
1	ኦሬንታል|ኦሬንታል	ኦሬንታል|ኦሬንታል	NIL
1	በራክ ኦባማ|በራክ ኦባማ	በራክ ኦባማ|በራክ ኦባማ	NIL
1	ምትኩ ካሳ’ዮም|ምትኩ ካሳ’ዮም	ምትኩ ካሳ’ዮም|ምትኩ ካሳ’ዮም	NIL
1	ሃፍታሙ ኣያሌው|ሃፍታሙ ኣያሌው	ሃፍታሙ ኣያሌው|ሃፍታሙ ኣያሌው	NIL
1	ጎደና ኢጋል ኣሎን|ጎደና ኢጋል ኣሎን	ጎደና ኢጋል ኣሎን|ጎደና ኢጋል ኣሎን	NIL
1	ራምያ|ራምያ	ራምያ|ራምያ	NIL
1	ሃብቶም ወልደሚካኤል ዘርኦም|ሃብቶም ወልደሚካኤል ዘርኦም	ሃብቶም ወልደሚካኤል ዘርኦም|ሃብቶም ወልደሚካኤል ዘርኦም	NIL
1	ኢስራኤልን|ኢስራኤልን	ኢስራኤልን|ኢስራኤልን	NIL
1	ኪራምን|ኪራምን	ኪራምን|ኪራምን	NIL
1	ጫላ ጋዲሳ|ጫላ ጋዲሳ	ጫላ ጋዲሳ|ጫላ ጋዲሳ	NIL
1	ቀርኒ ኣፍሪቃ'ውን|ቀርኒ ኣፍሪቃ'ውን	ቀርኒ ኣፍሪቃ'ውን|ቀርኒ ኣፍሪቃ'ውን	NIL
1	ጎሮ|ጎሮ	ጎሮ|ጎሮ	NIL
1	ኦሮሞ ፌደራሊስት ኮንግረስን|ኦሮሞ ፌደራሊስት ኮንግረስን	ኦሮሞ ፌደራሊስት ኮንግረስን|ኦሮሞ ፌደራሊስት ኮንግረስን	NIL
1	ጀነራል|ጀነራል	ጀነራል|ጀነራል	NIL
1	ባጽዕ|ባጽዕ	ባጽዕ|ባጽዕ	NIL
1	ዶዴ ሞሌ|ዶዴ ሞሌ	ዶዴ ሞሌ|ዶዴ ሞሌ	NIL
1	#ትዕዝብተይ_ዓዲግራት!|#ትዕዝብተይ_ዓዲግራት!	#ትዕዝብተይ_ዓዲግራት!|#ትዕዝብተይ_ዓዲግራት!	NIL
1	ሀርማን ኮሀን|ሀርማን ኮሀን	ሀርማን ኮሀን|ሀርማን ኮሀን	NIL
1	ንጉስ|ንጉስ	ንጉስ|ንጉስ	NIL
1	ዒራቅን|ዒራቅን	ዒራቅን|ዒራቅን	NIL
1	ላዛ ትግርኛ|ላዛ ትግርኛ	ላዛ ትግርኛ|ላዛ ትግርኛ	NIL
1	መለስ ዜናዊ|መለስ ዜናዊ	መለስ ዜናዊ|መለስ ዜናዊ	NIL
1	#PopeAfricavisit|#PopeAfricavisit	#PopeAfricavisit|#PopeAfricavisit	NIL
1	የማነ|የማነ	የማነ|የማነ	NIL
1	ናይ ህጹጽ ሓደጋ ምክልኻል ክፍሊ(National|ናይ ህጹጽ ሓደጋ ምክልኻል ክፍሊ(National	ናይ ህጹጽ ሓደጋ ምክልኻል ክፍሊ(National|ናይ ህጹጽ ሓደጋ ምክልኻል ክፍሊ(National	NIL
1	አጃንስ ፈራንስ ፕሬስ|አጃንስ ፈራንስ ፕሬስ	አጃንስ ፈራንስ ፕሬስ|አጃንስ ፈራንስ ፕሬስ	NIL
1	ኦህዴድን|ኦህዴድን	ኦህዴድን|ኦህዴድን	NIL
1	ዓሲር|ዓሲር	ዓሲር|ዓሲር	NIL
1	መርሲን|መርሲን	መርሲን|መርሲን	NIL
1	ጌታቸው ሽፈራው፣ናይ|ጌታቸው ሽፈራው፣ናይ	ጌታቸው ሽፈራው፣ናይ|ጌታቸው ሽፈራው፣ናይ	NIL
1	GIGA|GIGA	GIGA|GIGA	NIL
1	እትዮጵያ|እትዮጵያ	እትዮጵያ|እትዮጵያ	NIL
1	ንግሪኽ|ንግሪኽ	ንግሪኽ|ንግሪኽ	NIL
1	ሶኮ ፈይሳ|ሶኮ ፈይሳ	ሶኮ ፈይሳ|ሶኮ ፈይሳ	NIL
1	ኣለማየሁ ብርሃኑ|ኣለማየሁ ብርሃኑ	ኣለማየሁ ብርሃኑ|ኣለማየሁ ብርሃኑ	NIL
1	ደግሓኤ|ደግሓኤ	ደግሓኤ|ደግሓኤ	NIL
1	#Eritrea…|#Eritrea…	#Eritrea…|#Eritrea…	NIL
1	VOATigrigna|VOATigrigna	VOATigrigna|VOATigrigna	NIL
1	ትሪፖሊ፥28|ትሪፖሊ፥28	ትሪፖሊ፥28|ትሪፖሊ፥28	NIL
1	ዳዕሽን|ዳዕሽን	ዳዕሽን|ዳዕሽን	NIL
1	Ermias Mesfin|Ermias Mesfin	Ermias Mesfin|Ermias Mesfin	NIL
1	ግብጺ'ውን|ግብጺ'ውን	ግብጺ'ውን|ግብጺ'ውን	NIL
1	#EgyptAirHijack|#EgyptAirHijack	#EgyptAirHijack|#EgyptAirHijack	NIL
1	ኮሚቴ ድልውነትን ምክልኻልን ሓደጋ|ኮሚቴ ድልውነትን ምክልኻልን ሓደጋ	ኮሚቴ ድልውነትን ምክልኻልን ሓደጋ|ኮሚቴ ድልውነትን ምክልኻልን ሓደጋ	NIL
1	ንሚኒስተር ዜና|ንሚኒስተር ዜና	ንሚኒስተር ዜና|ንሚኒስተር ዜና	NIL
1	ተስፋይ ተኽለማርያምን|ተስፋይ ተኽለማርያምን	ተስፋይ ተኽለማርያምን|ተስፋይ ተኽለማርያምን	NIL
1	ሆስፒታል ባህርዳርን|ሆስፒታል ባህርዳርን	ሆስፒታል ባህርዳርን|ሆስፒታል ባህርዳርን	NIL
1	ባር ሼባ|ባር ሼባ	ባር ሼባ|ባር ሼባ	NIL
1	#UNOCHA|#UNOCHA	#UNOCHA|#UNOCHA	NIL
1	#UN|#UN	#UN|#UN	NIL
1	`ሕወሓት፡|`ሕወሓት፡	`ሕወሓት፡|`ሕወሓት፡	NIL
1	ሰቖጣ|ሰቖጣ	ሰቖጣ|ሰቖጣ	NIL
1	ሬድዮ ዳባንጋ|ሬድዮ ዳባንጋ	ሬድዮ ዳባንጋ|ሬድዮ ዳባንጋ	NIL
1	ብርሃነ|ብርሃነ	ብርሃነ|ብርሃነ	NIL
1	ንሜድትራኒያን|ንሜድትራኒያን	ንሜድትራኒያን|ንሜድትራኒያን	NIL
1	ብኣምነስቲ ኢንተርናሽናል|ብኣምነስቲ ኢንተርናሽናል	ብኣምነስቲ ኢንተርናሽናል|ብኣምነስቲ ኢንተርናሽናል	NIL
1	ምብራቅን|ምብራቅን	ምብራቅን|ምብራቅን	NIL
1	ኒኮል ሀርት|ኒኮል ሀርት	ኒኮል ሀርት|ኒኮል ሀርት	NIL
1	ኤርትራውይን|ኤርትራውይን	ኤርትራውይን|ኤርትራውይን	NIL
1	ስዋዚላንድን|ስዋዚላንድን	ስዋዚላንድን|ስዋዚላንድን	NIL
1	ዓረናን|ዓረናን	ዓረናን|ዓረናን	NIL
1	ለስሊ ሌፍኮው|ለስሊ ሌፍኮው	ለስሊ ሌፍኮው|ለስሊ ሌፍኮው	NIL
1	ሚኒስተር ንግዲ|ሚኒስተር ንግዲ	ሚኒስተር ንግዲ|ሚኒስተር ንግዲ	NIL
1	መዲተራንያ|መዲተራንያ	መዲተራንያ|መዲተራንያ	NIL
1	ዢን ዪቨስ|ዢን ዪቨስ	ዢን ዪቨስ|ዢን ዪቨስ	NIL
1	#TigrayRegion…|#TigrayRegion…	#TigrayRegion…|#TigrayRegion…	NIL
1	ዘንፎ ኣብራሃለይ ወላይ|ዘንፎ ኣብራሃለይ ወላይ	ዘንፎ ኣብራሃለይ ወላይ|ዘንፎ ኣብራሃለይ ወላይ	NIL
1	ማሪዮ ዛፓኮስታ|ማሪዮ ዛፓኮስታ	ማሪዮ ዛፓኮስታ|ማሪዮ ዛፓኮስታ	NIL
1	ምብራቓዊን|ምብራቓዊን	ምብራቓዊን|ምብራቓዊን	NIL
1	ሱሪያ|ሱሪያ	ሱሪያ|ሱሪያ	NIL
1	ካሜሮን|ካሜሮን	ካሜሮን|ካሜሮን	NIL
1	ዑስማን ኢድሪስ ሙሳ|ዑስማን ኢድሪስ ሙሳ	ዑስማን ኢድሪስ ሙሳ|ዑስማን ኢድሪስ ሙሳ	NIL
1	ኮምሽን መሰላት|ኮምሽን መሰላት	ኮምሽን መሰላት|ኮምሽን መሰላት	NIL
1	ኣፍሪቃዉያን|ኣፍሪቃዉያን	ኣፍሪቃዉያን|ኣፍሪቃዉያን	NIL
1	ጉደርን|ጉደርን	ጉደርን|ጉደርን	NIL
1	መዕርፎ ነፈርቲ ኢስታንቡ|መዕርፎ ነፈርቲ ኢስታንቡ	መዕርፎ ነፈርቲ ኢስታንቡ|መዕርፎ ነፈርቲ ኢስታንቡ	NIL
1	#India|#India	#India|#India	NIL
1	#Ssudan|#Ssudan	#Ssudan|#Ssudan	NIL
1	VOA|VOA	VOA|VOA	NIL
1	ኣንበስ የማነ|ኣንበስ የማነ	ኣንበስ የማነ|ኣንበስ የማነ	NIL
1	ዓለም-ለኸ ትካል ስደተኛታት|ዓለም-ለኸ ትካል ስደተኛታት	ዓለም-ለኸ ትካል ስደተኛታት|ዓለም-ለኸ ትካል ስደተኛታት	NIL
1	ሉቃስ|ሉቃስ	ሉቃስ|ሉቃስ	NIL
1	ግሎመኸዳ|ግሎመኸዳ	ግሎመኸዳ|ግሎመኸዳ	NIL
1	ታሊባን|ታሊባን	ታሊባን|ታሊባን	NIL
1	ህ.ግ.ደ.ፍ|ህ.ግ.ደ.ፍ	ህ.ግ.ደ.ፍ|ህ.ግ.ደ.ፍ	NIL
1	ኢሮፕ|ኢሮፕ	ኢሮፕ|ኢሮፕ	NIL
1	ኣል ቓዒዳ’ውን|ኣል ቓዒዳ’ውን	ኣል ቓዒዳ’ውን|ኣል ቓዒዳ’ውን	NIL
1	ስጳኛን|ስጳኛን	ስጳኛን|ስጳኛን	NIL
1	ዓዲ ግራት|ዓዲ ግራት	ዓዲ ግራት|ዓዲ ግራት	NIL
1	ፑትን|ፑትን	ፑትን|ፑትን	NIL
1	ዙማ።ኩላትና|ዙማ።ኩላትና	ዙማ።ኩላትና|ዙማ።ኩላትና	NIL
1	ኣራጉሮ|ኣራጉሮ	ኣራጉሮ|ኣራጉሮ	NIL
1	ቦስትዋና|ቦስትዋና	ቦስትዋና|ቦስትዋና	NIL
1	ሶማሊያዊያን|ሶማሊያዊያን	ሶማሊያዊያን|ሶማሊያዊያን	NIL
1	ኣተንስ|ኣተንስ	ኣተንስ|ኣተንስ	NIL
1	ዳሎ|ዳሎ	ዳሎ|ዳሎ	NIL
1	#VOATi…|#VOATi…	#VOATi…|#VOATi…	NIL
1	ባር ሸባ|ባር ሸባ	ባር ሸባ|ባር ሸባ	NIL
1	ታጅራን|ታጅራን	ታጅራን|ታጅራን	NIL
1	ህጻናት ኣድሕንhttps://t.co/ltLvFegVgQ|ህጻናት ኣድሕንhttps://t.co/ltLvFegVgQ	ህጻናት ኣድሕንhttps://t.co/ltLvFegVgQ|ህጻናት ኣድሕንhttps://t.co/ltLvFegVgQ	NIL
1	ኣለም ገብረዋህድ|ኣለም ገብረዋህድ	ኣለም ገብረዋህድ|ኣለም ገብረዋህድ	NIL
1	ባይቶ ሰብኣዊ መሰላትን|ባይቶ ሰብኣዊ መሰላትን	ባይቶ ሰብኣዊ መሰላትን|ባይቶ ሰብኣዊ መሰላትን	NIL
1	ኢትይጵያን|ኢትይጵያን	ኢትይጵያን|ኢትይጵያን	NIL
1	ላሬን|ላሬን	ላሬን|ላሬን	NIL
1	ሕ/ኤውሮጳ|ሕ/ኤውሮጳ	ሕ/ኤውሮጳ|ሕ/ኤውሮጳ	NIL
1	ኤውሮጳ’ውን|ኤውሮጳ’ውን	ኤውሮጳ’ውን|ኤውሮጳ’ውን	NIL
1	ሞቓድሾ|ሞቓድሾ	ሞቓድሾ|ሞቓድሾ	NIL
1	#Alshabab|#Alshabab	#Alshabab|#Alshabab	NIL
1	#Srilanka|#Srilanka	#Srilanka|#Srilanka	NIL
1	ይሕብር።ሃገራዊ ቦርድ ምርጫ|ይሕብር።ሃገራዊ ቦርድ ምርጫ	ይሕብር።ሃገራዊ ቦርድ ምርጫ|ይሕብር።ሃገራዊ ቦርድ ምርጫ	NIL
1	ኤስራኤል|ኤስራኤል	ኤስራኤል|ኤስራኤል	NIL
1	ቅኒቶን|ቅኒቶን	ቅኒቶን|ቅኒቶን	NIL
1	ግን፡ህግደፍሲ|ግን፡ህግደፍሲ	ግን፡ህግደፍሲ|ግን፡ህግደፍሲ	NIL
1	መገዲ ኣየር ምስሪ|መገዲ ኣየር ምስሪ	መገዲ ኣየር ምስሪ|መገዲ ኣየር ምስሪ	NIL
1	ደጀኔ ቱፋ|ደጀኔ ቱፋ	ደጀኔ ቱፋ|ደጀኔ ቱፋ	NIL
1	ኣልሸባብ|ኣልሸባብ	ኣልሸባብ|ኣልሸባብ	NIL
1	ኤኤንሲ|ኤኤንሲ	ኤኤንሲ|ኤኤንሲ	NIL
1	ሂማን ራይትስ ዎች|ሂማን ራይትስ ዎች	ሂማን ራይትስ ዎች|ሂማን ራይትስ ዎች	NIL
1	ድምጺ ኣሰና|ድምጺ ኣሰና	ድምጺ ኣሰና|ድምጺ ኣሰና	NIL
1	ኢትዮጵያ።ኣብ|ኢትዮጵያ።ኣብ	ኢትዮጵያ።ኣብ|ኢትዮጵያ።ኣብ	NIL
1	ሌታተይለር|ሌታተይለር	ሌታተይለር|ሌታተይለር	NIL
1	ኦሮሚያ፡ዞባ|ኦሮሚያ፡ዞባ	ኦሮሚያ፡ዞባ|ኦሮሚያ፡ዞባ	NIL
1	ምብራቅ|ምብራቅ	ምብራቅ|ምብራቅ	NIL
1	ስሚዝ|ስሚዝ	ስሚዝ|ስሚዝ	NIL
1	ኤትርውያን|ኤትርውያን	ኤትርውያን|ኤትርውያን	NIL
1	ቃጠታይ|ቃጠታይ	ቃጠታይ|ቃጠታይ	NIL
1	ማእከል ምክልኻል ሕማማት|ማእከል ምክልኻል ሕማማት	ማእከል ምክልኻል ሕማማት|ማእከል ምክልኻል ሕማማት	NIL
1	ንጉሱ|ንጉሱ	ንጉሱ|ንጉሱ	NIL
1	ሓምድ|ሓምድ	ሓምድ|ሓምድ	NIL
1	ዋራፕ|ዋራፕ	ዋራፕ|ዋራፕ	NIL
1	ለገሰን|ለገሰን	ለገሰን|ለገሰን	NIL
1	ኪር|ኪር	ኪር|ኪር	NIL
1	ድምጺ መድረኽ|ድምጺ መድረኽ	ድምጺ መድረኽ|ድምጺ መድረኽ	NIL
1	ካጋመ|ካጋመ	ካጋመ|ካጋመ	NIL
1	ሃገራዊ ወኪል ገበን|ሃገራዊ ወኪል ገበን	ሃገራዊ ወኪል ገበን|ሃገራዊ ወኪል ገበን	NIL
1	ጋሽባርካ|ጋሽባርካ	ጋሽባርካ|ጋሽባርካ	NIL
1	#CardiffWorldHalf|#CardiffWorldHalf	#CardiffWorldHalf|#CardiffWorldHalf	NIL
1	#Turkey|#Turkey	#Turkey|#Turkey	NIL
1	ሶማልን|ሶማልን	ሶማልን|ሶማልን	NIL
1	ሚኒስትሪ ውሽጣዊ ጉዳያት|ሚኒስትሪ ውሽጣዊ ጉዳያት	ሚኒስትሪ ውሽጣዊ ጉዳያት|ሚኒስትሪ ውሽጣዊ ጉዳያት	NIL
1	ኣንድያ ኤድዋርድስ|ኣንድያ ኤድዋርድስ	ኣንድያ ኤድዋርድስ|ኣንድያ ኤድዋርድስ	NIL
1	#VOAtigrigna|#VOAtigrigna	#VOAtigrigna|#VOAtigrigna	NIL
1	ሚኔርት-መስጊድ|ሚኔርት-መስጊድ	ሚኔርት-መስጊድ|ሚኔርት-መስጊድ	NIL
1	ሮች ማርክ ከቦረ|ሮች ማርክ ከቦረ	ሮች ማርክ ከቦረ|ሮች ማርክ ከቦረ	NIL
1	ደምቢ ደሎ፣ኣብ|ደምቢ ደሎ፣ኣብ	ደምቢ ደሎ፣ኣብ|ደምቢ ደሎ፣ኣብ	NIL
1	#Tehran|#Tehran	#Tehran|#Tehran	NIL
1	መጻብቦ ሲቺልያ|መጻብቦ ሲቺልያ	መጻብቦ ሲቺልያ|መጻብቦ ሲቺልያ	NIL
1	ፍስሃ ፀጋዉን|ፍስሃ ፀጋዉን	ፍስሃ ፀጋዉን|ፍስሃ ፀጋዉን	NIL
1	ጂረፍን|ጂረፍን	ጂረፍን|ጂረፍን	NIL
1	ኢሳቅ ኣማኒዮስ|ኢሳቅ ኣማኒዮስ	ኢሳቅ ኣማኒዮስ|ኢሳቅ ኣማኒዮስ	NIL
1	ጳውሎስ|ጳውሎስ	ጳውሎስ|ጳውሎስ	NIL
1	ኣርሰናል|ኣርሰናል	ኣርሰናል|ኣርሰናል	NIL
1	ፍራንክፈርተር ሳይቱንግ|ፍራንክፈርተር ሳይቱንግ	ፍራንክፈርተር ሳይቱንግ|ፍራንክፈርተር ሳይቱንግ	NIL
1	#DaalloAirlines|#DaalloAirlines	#DaalloAirlines|#DaalloAirlines	NIL
1	ወሊሶ|ወሊሶ	ወሊሶ|ወሊሶ	NIL
1	ኣሳፍ ሱድሪን|ኣሳፍ ሱድሪን	ኣሳፍ ሱድሪን|ኣሳፍ ሱድሪን	NIL
1	መልኪ ቶሎሳ|መልኪ ቶሎሳ	መልኪ ቶሎሳ|መልኪ ቶሎሳ	NIL
1	ብባይቶ ሰብኣዊ መሰላት ሕቡራት ሃገራት|ብባይቶ ሰብኣዊ መሰላት ሕቡራት ሃገራት	ብባይቶ ሰብኣዊ መሰላት ሕቡራት ሃገራት|ብባይቶ ሰብኣዊ መሰላት ሕቡራት ሃገራት	NIL
1	ደቡብ፣ደቡብ ምብራቕን|ደቡብ፣ደቡብ ምብራቕን	ደቡብ፣ደቡብ ምብራቕን|ደቡብ፣ደቡብ ምብራቕን	NIL
1	አድሕን ህፃናት|አድሕን ህፃናት	አድሕን ህፃናት|አድሕን ህፃናት	NIL
1	#COIEritrea|#COIEritrea	#COIEritrea|#COIEritrea	NIL
1	ንኢትዮጵያ|ንኢትዮጵያ	ንኢትዮጵያ|ንኢትዮጵያ	NIL
1	ወደብ ካግሊያሪ|ወደብ ካግሊያሪ	ወደብ ካግሊያሪ|ወደብ ካግሊያሪ	NIL
1	መኮነን|መኮነን	መኮነን|መኮነን	NIL
1	ኣፅብን|ኣፅብን	ኣፅብን|ኣፅብን	NIL
1	መረብለኸ|መረብለኸ	መረብለኸ|መረብለኸ	NIL
1	ምድረ ሓበሻ|ምድረ ሓበሻ	ምድረ ሓበሻ|ምድረ ሓበሻ	NIL
1	ሓካይም ብዘይዶብ|ሓካይም ብዘይዶብ	ሓካይም ብዘይዶብ|ሓካይም ብዘይዶብ	NIL
1	ዓለም(WHO...|ዓለም(WHO...	ዓለም(WHO...|ዓለም(WHO...	NIL
1	ንዋሽንግተን ዲሲን|ንዋሽንግተን ዲሲን	ንዋሽንግተን ዲሲን|ንዋሽንግተን ዲሲን	NIL
1	ኦነግ|ኦነግ	ኦነግ|ኦነግ	NIL
1	ሲናይን|ሲናይን	ሲናይን|ሲናይን	NIL
1	ሸነን|ሸነን	ሸነን|ሸነን	NIL
1	ጉጂን|ጉጂን	ጉጂን|ጉጂን	NIL
1	ኢትዮጵያ'ውን|ኢትዮጵያ'ውን	ኢትዮጵያ'ውን|ኢትዮጵያ'ውን	NIL
1	ቐዛፊ|ቐዛፊ	ቐዛፊ|ቐዛፊ	NIL
1	ኣርባ ምንጭን|ኣርባ ምንጭን	ኣርባ ምንጭን|ኣርባ ምንጭን	NIL
1	ብሪጣናዊ|ብሪጣናዊ	ብሪጣናዊ|ብሪጣናዊ	NIL
1	ኢራን/የመን|ኢራን/የመን	ኢራን/የመን|ኢራን/የመን	NIL
1	ኣሊቦ|ኣሊቦ	ኣሊቦ|ኣሊቦ	NIL
1	#Brussels|#Brussels	#Brussels|#Brussels	NIL
1	ብታሊ ሸመሽን|ብታሊ ሸመሽን	ብታሊ ሸመሽን|ብታሊ ሸመሽን	NIL
1	ኮፋሌ|ኮፋሌ	ኮፋሌ|ኮፋሌ	NIL
1	ኢትዮጰያ|ኢትዮጰያ	ኢትዮጰያ|ኢትዮጰያ	NIL
1	ናቕፋ|ናቕፋ	ናቕፋ|ናቕፋ	NIL
1	ሃገራዊ ኩባንያ ነዳድን|ሃገራዊ ኩባንያ ነዳድን	ሃገራዊ ኩባንያ ነዳድን|ሃገራዊ ኩባንያ ነዳድን	NIL
1	ቤት-ማእሰርቲ ዓዲ ኣበይቶ|ቤት-ማእሰርቲ ዓዲ ኣበይቶ	ቤት-ማእሰርቲ ዓዲ ኣበይቶ|ቤት-ማእሰርቲ ዓዲ ኣበይቶ	NIL
1	ንህግደፍ|ንህግደፍ	ንህግደፍ|ንህግደፍ	NIL
1	ኬብ ቨርደ|ኬብ ቨርደ	ኬብ ቨርደ|ኬብ ቨርደ	NIL
1	በረኻ ሲናይ|በረኻ ሲናይ	በረኻ ሲናይ|በረኻ ሲናይ	NIL
1	ንማረት|ንማረት	ንማረት|ንማረት	NIL
1	ምብራቕ ሸዋ|ምብራቕ ሸዋ	ምብራቕ ሸዋ|ምብራቕ ሸዋ	NIL
1	ዓደንን|ዓደንን	ዓደንን|ዓደንን	NIL
1	ሕብረት ኣ|ሕብረት ኣ	ሕብረት ኣ|ሕብረት ኣ	NIL
1	ዮናታን ተስፋይ|ዮናታን ተስፋይ	ዮናታን ተስፋይ|ዮናታን ተስፋይ	NIL
1	ኢሰይያስ ኣፍወርቂ|ኢሰይያስ ኣፍወርቂ	ኢሰይያስ ኣፍወርቂ|ኢሰይያስ ኣፍወርቂ	NIL
1	ግንባር ሓርነት ኦሮሞ|ግንባር ሓርነት ኦሮሞ	ግንባር ሓርነት ኦሮሞ|ግንባር ሓርነት ኦሮሞ	NIL
1	ሓወልቲ|ሓወልቲ	ሓወልቲ|ሓወልቲ	NIL
1	ንሱዳንን|ንሱዳንን	ንሱዳንን|ንሱዳንን	NIL
1	ኤሮጳዊ ሕብረትን|ኤሮጳዊ ሕብረትን	ኤሮጳዊ ሕብረትን|ኤሮጳዊ ሕብረትን	NIL
1	ኪሲሙ|ኪሲሙ	ኪሲሙ|ኪሲሙ	NIL
1	ሸርም-ሸኽ|ሸርም-ሸኽ	ሸርም-ሸኽ|ሸርም-ሸኽ	NIL
1	ቡሬ|ቡሬ	ቡሬ|ቡሬ	NIL
1	ኢ/ያ|ኢ/ያ	ኢ/ያ|ኢ/ያ	NIL
1	ኣዞዞን|ኣዞዞን	ኣዞዞን|ኣዞዞን	NIL
1	ምምሲ ማይሜን|ምምሲ ማይሜን	ምምሲ ማይሜን|ምምሲ ማይሜን	NIL
1	70-እምባስነይቲ|70-እምባስነይቲ	70-እምባስነይቲ|70-እምባስነይቲ	NIL
1	#Syria|#Syria	#Syria|#Syria	NIL
1	#Oromo|#Oromo	#Oromo|#Oromo	NIL
1	ምብራቕ ወለጋ|ምብራቕ ወለጋ	ምብራቕ ወለጋ|ምብራቕ ወለጋ	NIL
1	ሑስኒ ሙባረክ|ሑስኒ ሙባረክ	ሑስኒ ሙባረክ|ሑስኒ ሙባረክ	NIL
1	ቪያና|ቪያና	ቪያና|ቪያና	NIL
1	ባይቶ ሰብኣዊ መሰላት ሕቡራት ሃገራት|ባይቶ ሰብኣዊ መሰላት ሕቡራት ሃገራት	ባይቶ ሰብኣዊ መሰላት ሕቡራት ሃገራት|ባይቶ ሰብኣዊ መሰላት ሕቡራት ሃገራት	NIL
1	ዩንቨርስቲ ኣምቦ|ዩንቨርስቲ ኣምቦ	ዩንቨርስቲ ኣምቦ|ዩንቨርስቲ ኣምቦ	NIL
1	ሳልሕ ዓብድሰላም|ሳልሕ ዓብድሰላም	ሳልሕ ዓብድሰላም|ሳልሕ ዓብድሰላም	NIL
1	ሃይለማርያም|ሃይለማርያም	ሃይለማርያም|ሃይለማርያም	NIL
1	ጃርደጋ|ጃርደጋ	ጃርደጋ|ጃርደጋ	NIL
1	የማነ ገብረኣብ|የማነ ገብረኣብ	የማነ ገብረኣብ|የማነ ገብረኣብ	NIL
1	Habtom Yohannes|Habtom Yohannes	Habtom Yohannes|Habtom Yohannes	NIL
1	Zenebe Sisay|Zenebe Sisay	Zenebe Sisay|Zenebe Sisay	NIL
1	ዉብሸት ታየን|ዉብሸት ታየን	ዉብሸት ታየን|ዉብሸት ታየን	NIL
1	#Europe|#Europe	#Europe|#Europe	NIL
1	ደረሰ ጌታቸው|ደረሰ ጌታቸው	ደረሰ ጌታቸው|ደረሰ ጌታቸው	NIL
1	ኣርሲ ሻሽመኔ|ኣርሲ ሻሽመኔ	ኣርሲ ሻሽመኔ|ኣርሲ ሻሽመኔ	NIL
1	ላምፓዱሳ|ላምፓዱሳ	ላምፓዱሳ|ላምፓዱሳ	NIL
1	ሬድዮ ታማዙ|ሬድዮ ታማዙ	ሬድዮ ታማዙ|ሬድዮ ታማዙ	NIL
1	ዉድብ ሕቡራት ሃገራት|ዉድብ ሕቡራት ሃገራት	ዉድብ ሕቡራት ሃገራት|ዉድብ ሕቡራት ሃገራት	NIL
1	ቶሌ|ቶሌ	ቶሌ|ቶሌ	NIL
1	ግርማይ ዘርኣይ|ግርማይ ዘርኣይ	ግርማይ ዘርኣይ|ግርማይ ዘርኣይ	NIL
1	ቻግኒ|ቻግኒ	ቻግኒ|ቻግኒ	NIL
1	#NYC|#NYC	#NYC|#NYC	NIL
1	ኣለማየህ|ኣለማየህ	ኣለማየህ|ኣለማየህ	NIL
1	#USAElection|#USAElection	#USAElection|#USAElection	NIL
1	ብኣሮናይ|ብኣሮናይ	ብኣሮናይ|ብኣሮናይ	NIL
1	ሚንስትሪ ወጻኢ|ሚንስትሪ ወጻኢ	ሚንስትሪ ወጻኢ|ሚንስትሪ ወጻኢ	NIL
1	ባኮ|ባኮ	ባኮ|ባኮ	NIL
1	ጉብታ|ጉብታ	ጉብታ|ጉብታ	NIL
1	ኦርቶዶክሳዊት ተዋህዶ ቤተክርስትያን ኤርትራ|ኦርቶዶክሳዊት ተዋህዶ ቤተክርስትያን ኤርትራ	ኦርቶዶክሳዊት ተዋህዶ ቤተክርስትያን ኤርትራ|ኦርቶዶክሳዊት ተዋህዶ ቤተክርስትያን ኤርትራ	NIL
1	ንሬድዮ ኤረና|ንሬድዮ ኤረና	ንሬድዮ ኤረና|ንሬድዮ ኤረና	NIL
1	ኢሳይያስ፡መቸስ|ኢሳይያስ፡መቸስ	ኢሳይያስ፡መቸስ|ኢሳይያስ፡መቸስ	NIL
1	ክልተ ኣውላዕሎን|ክልተ ኣውላዕሎን	ክልተ ኣውላዕሎን|ክልተ ኣውላዕሎን	NIL
1	ሑፃ|ሑፃ	ሑፃ|ሑፃ	NIL
1	ጂግጂጋ|ጂግጂጋ	ጂግጂጋ|ጂግጂጋ	NIL
1	#Iran|#Iran	#Iran|#Iran	NIL
1	ሲቺልያን|ሲቺልያን	ሲቺልያን|ሲቺልያን	NIL
1	መኢአድ|መኢአድ	መኢአድ|መኢአድ	NIL
1	ኣደባባይ ሰማእታት|ኣደባባይ ሰማእታት	ኣደባባይ ሰማእታት|ኣደባባይ ሰማእታት	NIL
1	#Bomako|#Bomako	#Bomako|#Bomako	NIL
1	ዓበይቲ ቃላያትን|ዓበይቲ ቃላያትን	ዓበይቲ ቃላያትን|ዓበይቲ ቃላያትን	NIL
1	#IndonesiaBlast|#IndonesiaBlast	#IndonesiaBlast|#IndonesiaBlast	NIL
1	ናሚብያ፡ሩዋንዳ፡ሳዎ|ናሚብያ፡ሩዋንዳ፡ሳዎ	ናሚብያ፡ሩዋንዳ፡ሳዎ|ናሚብያ፡ሩዋንዳ፡ሳዎ	NIL
1	ግንጪን|ግንጪን	ግንጪን|ግንጪን	NIL
1	ኣርሲ፣ሆራ|ኣርሲ፣ሆራ	ኣርሲ፣ሆራ|ኣርሲ፣ሆራ	NIL
1	ሳራንሰር|ሳራንሰር	ሳራንሰር|ሳራንሰር	NIL
1	ልብያ|ልብያ	ልብያ|ልብያ	NIL
1	ድንጉል|ድንጉል	ድንጉል|ድንጉል	NIL
1	ስዊዝን|ስዊዝን	ስዊዝን|ስዊዝን	NIL
1	ዑስማን ሻግን|ዑስማን ሻግን	ዑስማን ሻግን|ዑስማን ሻግን	NIL
1	ኣውሮፖ|ኣውሮፖ	ኣውሮፖ|ኣውሮፖ	NIL
1	ኣሩሲ|ኣሩሲ	ኣሩሲ|ኣሩሲ	NIL
1	ማቻር|ማቻር	ማቻር|ማቻር	NIL
1	እስክንድር ነጋ፣ሪኢዮት|እስክንድር ነጋ፣ሪኢዮት	እስክንድር ነጋ፣ሪኢዮት|እስክንድር ነጋ፣ሪኢዮት	NIL
1	#AMISOM|#AMISOM	#AMISOM|#AMISOM	NIL
1	ደንበ ፍትሒ|ደንበ ፍትሒ	ደንበ ፍትሒ|ደንበ ፍትሒ	NIL
1	ቀዩ ጋራ|ቀዩ ጋራ	ቀዩ ጋራ|ቀዩ ጋራ	NIL
1	በቀለ ፈርባ|በቀለ ፈርባ	በቀለ ፈርባ|በቀለ ፈርባ	NIL
1	ከምብሪጅ|ከምብሪጅ	ከምብሪጅ|ከምብሪጅ	NIL
1	ሓውዜን ኣደባባይ|ሓውዜን ኣደባባይ	ሓውዜን ኣደባባይ|ሓውዜን ኣደባባይ	NIL
1	ጉለድ ኣርታን|ጉለድ ኣርታን	ጉለድ ኣርታን|ጉለድ ኣርታን	NIL
1	አንዋር መስጊድ|አንዋር መስጊድ	አንዋር መስጊድ|አንዋር መስጊድ	NIL
1	#LaReunion|#LaReunion	#LaReunion|#LaReunion	NIL
1	ሶርያዉያን|ሶርያዉያን	ሶርያዉያን|ሶርያዉያን	NIL
1	ጋልካዩ|ጋልካዩ	ጋልካዩ|ጋልካዩ	NIL
1	ሃብቶም|ሃብቶም	ሃብቶም|ሃብቶም	NIL
1	ቦረናን|ቦረናን	ቦረናን|ቦረናን	NIL
1	ሓምላይ ሰልፊ|ሓምላይ ሰልፊ	ሓምላይ ሰልፊ|ሓምላይ ሰልፊ	NIL
1	ሰራልዮን|ሰራልዮን	ሰራልዮን|ሰራልዮን	NIL
1	ጣንቛ ኣበርጋለን|ጣንቛ ኣበርጋለን	ጣንቛ ኣበርጋለን|ጣንቛ ኣበርጋለን	NIL
1	@AfeDawit:|@AfeDawit:	@AfeDawit:|@AfeDawit:	NIL
1	ኔድ ፕራይትስ|ኔድ ፕራይትስ	ኔድ ፕራይትስ|ኔድ ፕራይትስ	NIL
1	ዱብልቅን|ዱብልቅን	ዱብልቅን|ዱብልቅን	NIL
1	@TedrosBahlibi|@TedrosBahlibi	@TedrosBahlibi|@TedrosBahlibi	NIL
1	ብማሕበር ወነንቲ ባጃጅ|ብማሕበር ወነንቲ ባጃጅ	ብማሕበር ወነንቲ ባጃጅ|ብማሕበር ወነንቲ ባጃጅ	NIL
1	ህጻናት አድህን|ህጻናት አድህን	ህጻናት አድህን|ህጻናት አድህን	NIL
1	ህውማን ራይትስ ዎች|ህውማን ራይትስ ዎች	ህውማን ራይትስ ዎች|ህውማን ራይትስ ዎች	NIL
1	ኮሌጅ ኣዮና|ኮሌጅ ኣዮና	ኮሌጅ ኣዮና|ኮሌጅ ኣዮና	NIL
1	መዲተራንያን|መዲተራንያን	መዲተራንያን|መዲተራንያን	NIL
1	ኤውሮጳውን|ኤውሮጳውን	ኤውሮጳውን|ኤውሮጳውን	NIL
1	ይብራህ ገብረመድህን ኣስገዶም|ይብራህ ገብረመድህን ኣስገዶም	ይብራህ ገብረመድህን ኣስገዶም|ይብራህ ገብረመድህን ኣስገዶም	NIL
1	ሲቪከስን|ሲቪከስን	ሲቪከስን|ሲቪከስን	NIL
1	ሞያለ|ሞያለ	ሞያለ|ሞያለ	NIL
1	ጊዳን|ጊዳን	ጊዳን|ጊዳን	NIL
1	ቢሾፍቱ|ቢሾፍቱ	ቢሾፍቱ|ቢሾፍቱ	NIL
1	ተኣምሩ|ተኣምሩ	ተኣምሩ|ተኣምሩ	NIL
1	ተልኣቪቭን|ተልኣቪቭን	ተልኣቪቭን|ተልኣቪቭን	NIL
1	ክፍሎም ሃይለ|ክፍሎም ሃይለ	ክፍሎም ሃይለ|ክፍሎም ሃይለ	NIL
1	ኢጣልያን|ኢጣልያን	ኢጣልያን|ኢጣልያን	NIL
1	ቱሉ ማዶንሰላ|ቱሉ ማዶንሰላ	ቱሉ ማዶንሰላ|ቱሉ ማዶንሰላ	NIL
1	ሶማሊያውያን|ሶማሊያውያን	ሶማሊያውያን|ሶማሊያውያን	NIL
1	አያሌው ሽመቴ|አያሌው ሽመቴ	አያሌው ሽመቴ|አያሌው ሽመቴ	NIL
1	ነጋሽ|ነጋሽ	ነጋሽ|ነጋሽ	NIL
1	ትካል ስደተኛታት ሕ/ሃገራት|ትካል ስደተኛታት ሕ/ሃገራት	ትካል ስደተኛታት ሕ/ሃገራት|ትካል ስደተኛታት ሕ/ሃገራት	NIL
1	#ParisSummit|#ParisSummit	#ParisSummit|#ParisSummit	NIL
1	ታንዛኒያን|ታንዛኒያን	ታንዛኒያን|ታንዛኒያን	NIL
1	ማለት፡ንህግደፍ|ማለት፡ንህግደፍ	ማለት፡ንህግደፍ|ማለት፡ንህግደፍ	NIL
1	ኦርምያ|ኦርምያ	ኦርምያ|ኦርምያ	NIL
1	ኢንተርናሽናል ሆቴል ደስታ|ኢንተርናሽናል ሆቴል ደስታ	ኢንተርናሽናል ሆቴል ደስታ|ኢንተርናሽናል ሆቴል ደስታ	NIL
1	ሉዛንን|ሉዛንን	ሉዛንን|ሉዛንን	NIL
1	ዓለምለኸ ፕሮግራም መግቢ|ዓለምለኸ ፕሮግራም መግቢ	ዓለምለኸ ፕሮግራም መግቢ|ዓለምለኸ ፕሮግራም መግቢ	NIL
1	ሱማሊያ|ሱማሊያ	ሱማሊያ|ሱማሊያ	NIL
1	ብኦህዴድ|ብኦህዴድ	ብኦህዴድ|ብኦህዴድ	NIL
1	የውሃንስ|የውሃንስ	የውሃንስ|የውሃንስ	NIL
1	ብሓካይም ብዘይ ዶብ|ብሓካይም ብዘይ ዶብ	ብሓካይም ብዘይ ዶብ|ብሓካይም ብዘይ ዶብ	NIL
1	ሊዊዚያናን|ሊዊዚያናን	ሊዊዚያናን|ሊዊዚያናን	NIL
1	ዋንየኪ|ዋንየኪ	ዋንየኪ|ዋንየኪ	NIL
1	ፐትሪሻ ስላሽ|ፐትሪሻ ስላሽ	ፐትሪሻ ስላሽ|ፐትሪሻ ስላሽ	NIL
1	ሃምበርግ|ሃምበርግ	ሃምበርግ|ሃምበርግ	NIL
1	ዳዓሽ|ዳዓሽ	ዳዓሽ|ዳዓሽ	NIL
1	ሕብረት ኣፍሪካን|ሕብረት ኣፍሪካን	ሕብረት ኣፍሪካን|ሕብረት ኣፍሪካን	NIL
1	ነገሌ ቦረና|ነገሌ ቦረና	ነገሌ ቦረና|ነገሌ ቦረና	NIL
1	ዕጡቓት ሓይልታት ሑቲ|ዕጡቓት ሓይልታት ሑቲ	ዕጡቓት ሓይልታት ሑቲ|ዕጡቓት ሓይልታት ሑቲ	NIL
1	ምብራቕ ኣፍሪካ፣ቀርኒ|ምብራቕ ኣፍሪካ፣ቀርኒ	ምብራቕ ኣፍሪካ፣ቀርኒ|ምብራቕ ኣፍሪካ፣ቀርኒ	NIL
1	የመናውያንን|የመናውያንን	የመናውያንን|የመናውያንን	NIL
1	ሃና ማሪያም፣ፋሪ፣...|ሃና ማሪያም፣ፋሪ፣...	ሃና ማሪያም፣ፋሪ፣...|ሃና ማሪያም፣ፋሪ፣...	NIL
1	ሪክ ማቻርን|ሪክ ማቻርን	ሪክ ማቻርን|ሪክ ማቻርን	NIL
1	ዊልያም ስፒንድለር|ዊልያም ስፒንድለር	ዊልያም ስፒንድለር|ዊልያም ስፒንድለር	NIL
1	ንኣምንስቲ ኢንተርናሽናል|ንኣምንስቲ ኢንተርናሽናል	ንኣምንስቲ ኢንተርናሽናል|ንኣምንስቲ ኢንተርናሽናል	NIL
1	ዓወት|ዓወት	ዓወት|ዓወት	NIL
1	ክብረቅዱሳን|ክብረቅዱሳን	ክብረቅዱሳን|ክብረቅዱሳን	NIL
1	ቤት-ጽሕፈት ሃገራዊ ድሕነት|ቤት-ጽሕፈት ሃገራዊ ድሕነት	ቤት-ጽሕፈት ሃገራዊ ድሕነት|ቤት-ጽሕፈት ሃገራዊ ድሕነት	NIL
1	ዱፖንት ሰርክል|ዱፖንት ሰርክል	ዱፖንት ሰርክል|ዱፖንት ሰርክል	NIL
1	ዓለምለኸ ትካል ስደተኛታት|ዓለምለኸ ትካል ስደተኛታት	ዓለምለኸ ትካል ስደተኛታት|ዓለምለኸ ትካል ስደተኛታት	NIL
1	ትግ-ቲቪ|ትግ-ቲቪ	ትግ-ቲቪ|ትግ-ቲቪ	NIL
1	ኦርቶዶክሳዊት ተዋህዶ ቤተክርስትያን|ኦርቶዶክሳዊት ተዋህዶ ቤተክርስትያን	ኦርቶዶክሳዊት ተዋህዶ ቤተክርስትያን|ኦርቶዶክሳዊት ተዋህዶ ቤተክርስትያን	NIL
1	ብኮምቴ ሰብኣዊ መሰል ኣውሮፓ|ብኮምቴ ሰብኣዊ መሰል ኣውሮፓ	ብኮምቴ ሰብኣዊ መሰል ኣውሮፓ|ብኮምቴ ሰብኣዊ መሰል ኣውሮፓ	NIL
1	ዎች(H.R.W)|ዎች(H.R.W)	ዎች(H.R.W)|ዎች(H.R.W)	NIL
1	ኣፍሪቃ’ው|ኣፍሪቃ’ው	ኣፍሪቃ’ው|ኣፍሪቃ’ው	NIL
1	ገርሁ ስርናይ|ገርሁ ስርናይ	ገርሁ ስርናይ|ገርሁ ስርናይ	NIL
1	ሁዩማን ራይትስ ዎች(H.R.W|ሁዩማን ራይትስ ዎች(H.R.W	ሁዩማን ራይትስ ዎች(H.R.W|ሁዩማን ራይትስ ዎች(H.R.W	NIL
1	ዱር ቤቴ|ዱር ቤቴ	ዱር ቤቴ|ዱር ቤቴ	NIL
1	ሓየሎም ኣርኣያ|ሓየሎም ኣርኣያ	ሓየሎም ኣርኣያ|ሓየሎም ኣርኣያ	NIL
1	ጃራቴ|ጃራቴ	ጃራቴ|ጃራቴ	NIL
1	@tarzaneri:|@tarzaneri:	@tarzaneri:|@tarzaneri:	NIL
1	ሂማን ራይትስ|ሂማን ራይትስ	ሂማን ራይትስ|ሂማን ራይትስ	NIL
1	ኦሮሚያ፡ሱማሊያ፣ዓፋር፣ኣብ|ኦሮሚያ፡ሱማሊያ፣ዓፋር፣ኣብ	ኦሮሚያ፡ሱማሊያ፣ዓፋር፣ኣብ|ኦሮሚያ፡ሱማሊያ፣ዓፋር፣ኣብ	NIL
1	#TigrayRegion|#TigrayRegion	#TigrayRegion|#TigrayRegion	NIL
1	ደቡብ፣ደቡብ|ደቡብ፣ደቡብ	ደቡብ፣ደቡብ|ደቡብ፣ደቡብ	NIL
1	ኤርትራዊያንን|ኤርትራዊያንን	ኤርትራዊያንን|ኤርትራዊያንን	NIL
1	ሰመረ|ሰመረ	ሰመረ|ሰመረ	NIL
1	#DupontCircle|#DupontCircle	#DupontCircle|#DupontCircle	NIL
1	ሜሮን አስቲፋኖስ|ሜሮን አስቲፋኖስ	ሜሮን አስቲፋኖስ|ሜሮን አስቲፋኖስ	NIL
1	ገርሁስርናይ|ገርሁስርናይ	ገርሁስርናይ|ገርሁስርናይ	NIL
1	ኢዮም፡ተሰዊኦም።ደንበ ፍትሒ|ኢዮም፡ተሰዊኦም።ደንበ ፍትሒ	ኢዮም፡ተሰዊኦም።ደንበ ፍትሒ|ኢዮም፡ተሰዊኦም።ደንበ ፍትሒ	NIL
1	#VOATigrina…|#VOATigrina…	#VOATigrina…|#VOATigrina…	NIL
1	እንዱርማን|እንዱርማን	እንዱርማን|እንዱርማን	NIL
1	ኣጅጋ|ኣጅጋ	ኣጅጋ|ኣጅጋ	NIL
1	ፊንላንድን|ፊንላንድን	ፊንላንድን|ፊንላንድን	NIL
1	ሚኒስትር ወጻኢ|ሚኒስትር ወጻኢ	ሚኒስትር ወጻኢ|ሚኒስትር ወጻኢ	NIL
1	ሚኒስትሪ ጉዳያት ወጻኢ|ሚኒስትሪ ጉዳያት ወጻኢ	ሚኒስትሪ ጉዳያት ወጻኢ|ሚኒስትሪ ጉዳያት ወጻኢ	NIL
1	ሕሉፍ ካሕሳይ|ሕሉፍ ካሕሳይ	ሕሉፍ ካሕሳይ|ሕሉፍ ካሕሳይ	NIL
1	#Nigeria|#Nigeria	#Nigeria|#Nigeria	NIL
1	ሞሱል|ሞሱል	ሞሱል|ሞሱል	NIL
1	ኣትካሮ|ኣትካሮ	ኣትካሮ|ኣትካሮ	NIL
1	ኡጋድጉ-ቦርኪኖፋሶ|ኡጋድጉ-ቦርኪኖፋሶ	ኡጋድጉ-ቦርኪኖፋሶ|ኡጋድጉ-ቦርኪኖፋሶ	NIL
1	ኣሜሪካዊያን|ኣሜሪካዊያን	ኣሜሪካዊያን|ኣሜሪካዊያን	NIL
1	ንህዩማን ራይትስ ዎች|ንህዩማን ራይትስ ዎች	ንህዩማን ራይትስ ዎች|ንህዩማን ራይትስ ዎች	NIL
1	ሚኒስተር ምክልኻል|ሚኒስተር ምክልኻል	ሚኒስተር ምክልኻል|ሚኒስተር ምክልኻል	NIL
1	ሚንስትሪ ሕርሻ|ሚንስትሪ ሕርሻ	ሚንስትሪ ሕርሻ|ሚንስትሪ ሕርሻ	NIL
1	ኣለማየሁ።ኣብዚ|ኣለማየሁ።ኣብዚ	ኣለማየሁ።ኣብዚ|ኣለማየሁ።ኣብዚ	NIL
1	ፍራንሲስ|ፍራንሲስ	ፍራንሲስ|ፍራንሲስ	NIL
1	#Mumbai|#Mumbai	#Mumbai|#Mumbai	NIL
1	ሰለሞ ኣባተ|ሰለሞ ኣባተ	ሰለሞ ኣባተ|ሰለሞ ኣባተ	NIL
1	#SingaporeAirlines|#SingaporeAirlines	#SingaporeAirlines|#SingaporeAirlines	NIL
1	#duPont2016|#duPont2016	#duPont2016|#duPont2016	NIL
1	ጣሊያናዊያን|ጣሊያናዊያን	ጣሊያናዊያን|ጣሊያናዊያን	NIL
1	ኣበርገለ|ኣበርገለ	ኣበርገለ|ኣበርገለ	NIL
1	ባህርዳርን|ባህርዳርን	ባህርዳርን|ባህርዳርን	NIL
1	ራያ ኣለማጣን|ራያ ኣለማጣን	ራያ ኣለማጣን|ራያ ኣለማጣን	NIL
1	ዮውሃንስ ተፈሪን|ዮውሃንስ ተፈሪን	ዮውሃንስ ተፈሪን|ዮውሃንስ ተፈሪን	NIL
1	#Spain|#Spain	#Spain|#Spain	NIL
1	ሶማልያ፣ዳርጋ|ሶማልያ፣ዳርጋ	ሶማልያ፣ዳርጋ|ሶማልያ፣ዳርጋ	NIL
1	ኣጅደብያ|ኣጅደብያ	ኣጅደብያ|ኣጅደብያ	NIL
1	ወላይታን|ወላይታን	ወላይታን|ወላይታን	NIL
1	መድሃኔ ተስፋማርያም|መድሃኔ ተስፋማርያም	መድሃኔ ተስፋማርያም|መድሃኔ ተስፋማርያም	NIL
1	#Eritrea,|#Eritrea,	#Eritrea,|#Eritrea,	NIL
1	ትግራይ፣ካብ|ትግራይ፣ካብ	ትግራይ፣ካብ|ትግራይ፣ካብ	NIL
1	ጋንቤላ|ጋንቤላ	ጋንቤላ|ጋንቤላ	NIL
1	ኤርት|ኤርት	ኤርት|ኤርት	NIL
1	ኢትዮጵያ፡ማሕበር|ኢትዮጵያ፡ማሕበር	ኢትዮጵያ፡ማሕበር|ኢትዮጵያ፡ማሕበር	NIL
1	ማንዴራ|ማንዴራ	ማንዴራ|ማንዴራ	NIL
1	ካሕሳይ መኮነን|ካሕሳይ መኮነን	ካሕሳይ መኮነን|ካሕሳይ መኮነን	NIL
1	ኣይሲሲስ|ኣይሲሲስ	ኣይሲሲስ|ኣይሲሲስ	NIL
1	ኣፍሪካ፣ቀርኒ ኣፍሪካን|ኣፍሪካ፣ቀርኒ ኣፍሪካን	ኣፍሪካ፣ቀርኒ ኣፍሪካን|ኣፍሪካ፣ቀርኒ ኣፍሪካን	NIL
1	ሮቢ|ሮቢ	ሮቢ|ሮቢ	NIL
1	#Nairobi|#Nairobi	#Nairobi|#Nairobi	NIL
1	ጉርሜሳ አያናን|ጉርሜሳ አያናን	ጉርሜሳ አያናን|ጉርሜሳ አያናን	NIL
1	ጣብያማርታ|ጣብያማርታ	ጣብያማርታ|ጣብያማርታ	NIL
1	ሕንጣሎ ዋጅራት|ሕንጣሎ ዋጅራት	ሕንጣሎ ዋጅራት|ሕንጣሎ ዋጅራት	NIL
1	ሚኤሶ|ሚኤሶ	ሚኤሶ|ሚኤሶ	NIL
1	እንጅሓይ|እንጅሓይ	እንጅሓይ|እንጅሓይ	NIL
1	ብመርማሪት ኮምሽን ሕቡራት ሃገራት|ብመርማሪት ኮምሽን ሕቡራት ሃገራት	ብመርማሪት ኮምሽን ሕቡራት ሃገራት|ብመርማሪት ኮምሽን ሕቡራት ሃገራት	NIL
1	ዙዋራ|ዙዋራ	ዙዋራ|ዙዋራ	NIL
1	ጾሮና|ጾሮና	ጾሮና|ጾሮና	NIL
1	ዑመር ናስር ሹም|ዑመር ናስር ሹም	ዑመር ናስር ሹም|ዑመር ናስር ሹም	NIL
1	ሶማሊያዊ|ሶማሊያዊ	ሶማሊያዊ|ሶማሊያዊ	NIL
1	#VOATigrigna…|#VOATigrigna…	#VOATigrigna…|#VOATigrigna…	NIL
1	ኣንጎላ ፕረስ|ኣንጎላ ፕረስ	ኣንጎላ ፕረስ|ኣንጎላ ፕረስ	NIL
1	በቀለ ገርባን|በቀለ ገርባን	በቀለ ገርባን|በቀለ ገርባን	NIL
1	ኢህወደግን|ኢህወደግን	ኢህወደግን|ኢህወደግን	NIL
1	ገሬ-ሃብቶም|ገሬ-ሃብቶም	ገሬ-ሃብቶም|ገሬ-ሃብቶም	NIL
1	ኣዳኩሉ|ኣዳኩሉ	ኣዳኩሉ|ኣዳኩሉ	NIL
1	መርካ|መርካ	መርካ|መርካ	NIL
1	#OromiaUnrest|#OromiaUnrest	#OromiaUnrest|#OromiaUnrest	NIL
1	ዘዉዲቱ ሆስፒታል|ዘዉዲቱ ሆስፒታል	ዘዉዲቱ ሆስፒታል|ዘዉዲቱ ሆስፒታል	NIL
1	ኣለክሳንድርያ|ኣለክሳንድርያ	ኣለክሳንድርያ|ኣለክሳንድርያ	NIL
1	ንኤርትራ|ንኤርትራ	ንኤርትራ|ንኤርትራ	NIL
1	ኢሳያስ ኣፈወርቂ|ኢሳያስ ኣፈወርቂ	ኢሳያስ ኣፈወርቂ|ኢሳያስ ኣፈወርቂ	NIL
1	ሃገራዊ ማሕበር መንእሰያትን ተመሃሮን ኤርትራ`...|ሃገራዊ ማሕበር መንእሰያትን ተመሃሮን ኤርትራ`...	ሃገራዊ ማሕበር መንእሰያትን ተመሃሮን ኤርትራ`...|ሃገራዊ ማሕበር መንእሰያትን ተመሃሮን ኤርትራ`...	NIL
1	ኣብርሃም ኣማኒዮስን|ኣብርሃም ኣማኒዮስን	ኣብርሃም ኣማኒዮስን|ኣብርሃም ኣማኒዮስን	NIL
1	ኣመኑ|ኣመኑ	ኣመኑ|ኣመኑ	NIL
1	#SierraLeone|#SierraLeone	#SierraLeone|#SierraLeone	NIL
1	ጉብፓ|ጉብፓ	ጉብፓ|ጉብፓ	NIL
1	ሊባን ቃዲር ጃማ|ሊባን ቃዲር ጃማ	ሊባን ቃዲር ጃማ|ሊባን ቃዲር ጃማ	NIL
1	ዙሪች|ዙሪች	ዙሪች|ዙሪች	NIL
1	ዛላም|ዛላም	ዛላም|ዛላም	NIL
1	ነቀምትን|ነቀምትን	ነቀምትን|ነቀምትን	NIL
1	ግርማይ|ግርማይ	ግርማይ|ግርማይ	NIL
1	ንኢዜኣ|ንኢዜኣ	ንኢዜኣ|ንኢዜኣ	NIL
1	ፓናሶኒክ|ፓናሶኒክ	ፓናሶኒክ|ፓናሶኒክ	NIL
1	ኣለም፣ጊንጪ|ኣለም፣ጊንጪ	ኣለም፣ጊንጪ|ኣለም፣ጊንጪ	NIL
1	#Ogaden|#Ogaden	#Ogaden|#Ogaden	NIL
1	@asmarinoen:|@asmarinoen:	@asmarinoen:|@asmarinoen:	NIL
1	ዓለማዊ ውድብ ጥዕና|ዓለማዊ ውድብ ጥዕና	ዓለማዊ ውድብ ጥዕና|ዓለማዊ ውድብ ጥዕና	NIL
1	ጃዊን|ጃዊን	ጃዊን|ጃዊን	NIL
1	ሃገራዊ ምክልካል ስግኣትን ሓደጋን|ሃገራዊ ምክልካል ስግኣትን ሓደጋን	ሃገራዊ ምክልካል ስግኣትን ሓደጋን|ሃገራዊ ምክልካል ስግኣትን ሓደጋን	NIL
1	#Rayabrewery|#Rayabrewery	#Rayabrewery|#Rayabrewery	NIL
1	ንከረንን|ንከረንን	ንከረንን|ንከረንን	NIL
1	#Itlay|#Itlay	#Itlay|#Itlay	NIL
1	ጋይልስ ስሚዝ|ጋይልስ ስሚዝ	ጋይልስ ስሚዝ|ጋይልስ ስሚዝ	NIL
1	ዒራቕ|ዒራቕ	ዒራቕ|ዒራቕ	NIL
1	ኢህወአግ|ኢህወአግ	ኢህወአግ|ኢህወአግ	NIL
1	ክብረ ቅዱሳን ኣብርሃም|ክብረ ቅዱሳን ኣብርሃም	ክብረ ቅዱሳን ኣብርሃም|ክብረ ቅዱሳን ኣብርሃም	NIL
1	ኪያንካርሎ ጉላ|ኪያንካርሎ ጉላ	ኪያንካርሎ ጉላ|ኪያንካርሎ ጉላ	NIL
1	ንወያኔ|ንወያኔ	ንወያኔ|ንወያኔ	NIL
1	ትግራይ፤ብሓፈሻ|ትግራይ፤ብሓፈሻ	ትግራይ፤ብሓፈሻ|ትግራይ፤ብሓፈሻ	NIL
1	ኢትዮጵያ፣ኤርትራ|ኢትዮጵያ፣ኤርትራ	ኢትዮጵያ፣ኤርትራ|ኢትዮጵያ፣ኤርትራ	NIL
1	ዎሎ|ዎሎ	ዎሎ|ዎሎ	NIL
1	ላይበርያን|ላይበርያን	ላይበርያን|ላይበርያን	NIL
1	ግንቢን|ግንቢን	ግንቢን|ግንቢን	NIL
1	ምፅዋዕ|ምፅዋዕ	ምፅዋዕ|ምፅዋዕ	NIL
1	ዓወት ወዳጆ|ዓወት ወዳጆ	ዓወት ወዳጆ|ዓወት ወዳጆ	NIL
1	ማርታ|ማርታ	ማርታ|ማርታ	NIL
1	መኮንን ሌንጀሶ|መኮንን ሌንጀሶ	መኮንን ሌንጀሶ|መኮንን ሌንጀሶ	NIL
1	ብስናይ|ብስናይ	ብስናይ|ብስናይ	NIL
1	ፈጠነ ተሾመ|ፈጠነ ተሾመ	ፈጠነ ተሾመ|ፈጠነ ተሾመ	NIL
1	ኣይናለም|ኣይናለም	ኣይናለም|ኣይናለም	NIL
1	@AnonOps_Eritrea:|@AnonOps_Eritrea:	@AnonOps_Eritrea:|@AnonOps_Eritrea:	NIL
1	ዩኤስኤይድ|ዩኤስኤይድ	ዩኤስኤይድ|ዩኤስኤይድ	NIL
1	ሚኒሶታን|ሚኒሶታን	ሚኒሶታን|ሚኒሶታን	NIL
1	ዓዲ ሃሎ|ዓዲ ሃሎ	ዓዲ ሃሎ|ዓዲ ሃሎ	NIL
1	ኣመሪካ’ያ|ኣመሪካ’ያ	ኣመሪካ’ያ|ኣመሪካ’ያ	NIL
1	ወራ ጅሩ|ወራ ጅሩ	ወራ ጅሩ|ወራ ጅሩ	NIL
1	ቦሮና፣ኣብ|ቦሮና፣ኣብ	ቦሮና፣ኣብ|ቦሮና፣ኣብ	NIL
1	#ISIS|#ISIS	#ISIS|#ISIS	NIL
1	ኦፌኮ)ኣመራርሓ|ኦፌኮ)ኣመራርሓ	ኦፌኮ)ኣመራርሓ|ኦፌኮ)ኣመራርሓ	NIL
1	ብራስልስ|ብራስልስ	ብራስልስ|ብራስልስ	NIL
1	ዲዮስቆሮስን|ዲዮስቆሮስን	ዲዮስቆሮስን|ዲዮስቆሮስን	NIL
1	ቦሌ።የካ፤ኣቃቂ፤ኮልፌ|ቦሌ።የካ፤ኣቃቂ፤ኮልፌ	ቦሌ።የካ፤ኣቃቂ፤ኮልፌ|ቦሌ።የካ፤ኣቃቂ፤ኮልፌ	NIL
1	ሃገረ-ስብከት ሕቡራት ሃገራት ኣሜርካን ካናዳን|ሃገረ-ስብከት ሕቡራት ሃገራት ኣሜርካን ካናዳን	ሃገረ-ስብከት ሕቡራት ሃገራት ኣሜርካን ካናዳን|ሃገረ-ስብከት ሕቡራት ሃገራት ኣሜርካን ካናዳን	NIL
1	#AmestInternational|#AmestInternational	#AmestInternational|#AmestInternational	NIL
1	ዘሪሁን ጂሬኛ|ዘሪሁን ጂሬኛ	ዘሪሁን ጂሬኛ|ዘሪሁን ጂሬኛ	NIL
1	ሂሩት ዘመነ|ሂሩት ዘመነ	ሂሩት ዘመነ|ሂሩት ዘመነ	NIL
1	ሚ/ር ጉዳያት ኮምኒኬሽን|ሚ/ር ጉዳያት ኮምኒኬሽን	ሚ/ር ጉዳያት ኮምኒኬሽን|ሚ/ር ጉዳያት ኮምኒኬሽን	NIL
1	ዕጡቓት ነገደ ሙርሌ|ዕጡቓት ነገደ ሙርሌ	ዕጡቓት ነገደ ሙርሌ|ዕጡቓት ነገደ ሙርሌ	NIL
1	ቸልሲ|ቸልሲ	ቸልሲ|ቸልሲ	NIL
1	ይብራህ ገብረመድህን|ይብራህ ገብረመድህን	ይብራህ ገብረመድህን|ይብራህ ገብረመድህን	NIL
1	ኦህዴድ/ኢህወዴግ|ኦህዴድ/ኢህወዴግ	ኦህዴድ/ኢህወዴግ|ኦህዴድ/ኢህወዴግ	NIL
1	ኤጀንሲ ብሄራዊ ሜቲዎሮሎጂ|ኤጀንሲ ብሄራዊ ሜቲዎሮሎጂ	ኤጀንሲ ብሄራዊ ሜቲዎሮሎጂ|ኤጀንሲ ብሄራዊ ሜቲዎሮሎጂ	NIL
1	ህውይማን ራይስት ዎች|ህውይማን ራይስት ዎች	ህውይማን ራይስት ዎች|ህውይማን ራይስት ዎች	NIL
1	ቪኦኤን|ቪኦኤን	ቪኦኤን|ቪኦኤን	NIL
1	ጉሃ ሳፕር|ጉሃ ሳፕር	ጉሃ ሳፕር|ጉሃ ሳፕር	NIL
1	ግሪካዊያን|ግሪካዊያን	ግሪካዊያን|ግሪካዊያን	NIL
1	ጁቡትን|ጁቡትን	ጁቡትን|ጁቡትን	NIL
1	ደማዚን|ደማዚን	ደማዚን|ደማዚን	NIL
1	ሕብረት ኤውሮጳን|ሕብረት ኤውሮጳን	ሕብረት ኤውሮጳን|ሕብረት ኤውሮጳን	NIL
1	እንዳሚካኤል|እንዳሚካኤል	እንዳሚካኤል|እንዳሚካኤል	NIL
1	ብዑቕባይ ገብረመድህን|ብዑቕባይ ገብረመድህን	ብዑቕባይ ገብረመድህን|ብዑቕባይ ገብረመድህን	NIL
1	ንባርካ|ንባርካ	ንባርካ|ንባርካ	NIL
1	ሰሓርቲ ሳምረ|ሰሓርቲ ሳምረ	ሰሓርቲ ሳምረ|ሰሓርቲ ሳምረ	NIL
1	ባሌን|ባሌን	ባሌን|ባሌን	NIL
1	ሃፍታዉ ኣያሌዉ|ሃፍታዉ ኣያሌዉ	ሃፍታዉ ኣያሌዉ|ሃፍታዉ ኣያሌዉ	NIL
1	ሶሪያ|ሶሪያ	ሶሪያ|ሶሪያ	NIL
1	ፀለምቲ|ፀለምቲ	ፀለምቲ|ፀለምቲ	NIL
1	#VOATigringa|#VOATigringa	#VOATigringa|#VOATigringa	NIL
1	ኣሸባብ|ኣሸባብ	ኣሸባብ|ኣሸባብ	NIL
1	ዴዶ ሞሌ|ዴዶ ሞሌ	ዴዶ ሞሌ|ዴዶ ሞሌ	NIL
1	ኮሪየረ ዴላ ሴራ|ኮሪየረ ዴላ ሴራ	ኮሪየረ ዴላ ሴራ|ኮሪየረ ዴላ ሴራ	NIL
1	ሆስፒታል ነቀምቴ|ሆስፒታል ነቀምቴ	ሆስፒታል ነቀምቴ|ሆስፒታል ነቀምቴ	NIL
1	ደብረሲናን|ደብረሲናን	ደብረሲናን|ደብረሲናን	NIL
1	#Dubai|#Dubai	#Dubai|#Dubai	NIL
1	ሑቲ|ሑቲ	ሑቲ|ሑቲ	NIL
1	ታጅድን ሑሴን|ታጅድን ሑሴን	ታጅድን ሑሴን|ታጅድን ሑሴን	NIL
1	#SaintDenis|#SaintDenis	#SaintDenis|#SaintDenis	NIL
1	ህወሓትን|ህወሓትን	ህወሓትን|ህወሓትን	NIL
1	ንኣህጉራዊ ቤት-ፍርዲ ገበነኛታት|ንኣህጉራዊ ቤት-ፍርዲ ገበነኛታት	ንኣህጉራዊ ቤት-ፍርዲ ገበነኛታት|ንኣህጉራዊ ቤት-ፍርዲ ገበነኛታት	NIL
1	#Bamako|#Bamako	#Bamako|#Bamako	NIL
1	ኣርቲክል19ን|ኣርቲክል19ን	ኣርቲክል19ን|ኣርቲክል19ን	NIL
1	#Sirte|#Sirte	#Sirte|#Sirte	NIL
1	ኦሮሞ ፌዴራሊስት ኮንግረስ|ኦሮሞ ፌዴራሊስት ኮንግረስ	ኦሮሞ ፌዴራሊስት ኮንግረስ|ኦሮሞ ፌዴራሊስት ኮንግረስ	NIL
1	ኣብርሀት ዞሚ ገብረስላሴ|ኣብርሀት ዞሚ ገብረስላሴ	ኣብርሀት ዞሚ ገብረስላሴ|ኣብርሀት ዞሚ ገብረስላሴ	NIL
1	ሶርያዊ’ውን|ሶርያዊ’ውን	ሶርያዊ’ውን|ሶርያዊ’ውን	NIL
1	#Juba|#Juba	#Juba|#Juba	NIL
1	ሙባረክ|ሙባረክ	ሙባረክ|ሙባረክ	NIL
1	በላቸው ኣላምረው|በላቸው ኣላምረው	በላቸው ኣላምረው|በላቸው ኣላምረው	NIL
1	ኦርጆ ጉደቱ|ኦርጆ ጉደቱ	ኦርጆ ጉደቱ|ኦርጆ ጉደቱ	NIL
1	ቀይሕባሕሪን|ቀይሕባሕሪን	ቀይሕባሕሪን|ቀይሕባሕሪን	NIL
1	#RadissonBlu|#RadissonBlu	#RadissonBlu|#RadissonBlu	NIL
1	ኢትዮጵያውን|ኢትዮጵያውን	ኢትዮጵያውን|ኢትዮጵያውን	NIL
1	መላእ ሓድነት ኢትዮጵያ/መኢኣድን|መላእ ሓድነት ኢትዮጵያ/መኢኣድን	መላእ ሓድነት ኢትዮጵያ/መኢኣድን|መላእ ሓድነት ኢትዮጵያ/መኢኣድን	NIL
1	ዓብዱልዋሃብ ፉቱዊን|ዓብዱልዋሃብ ፉቱዊን	ዓብዱልዋሃብ ፉቱዊን|ዓብዱልዋሃብ ፉቱዊን	NIL
1	ግሎመከዳ|ግሎመከዳ	ግሎመከዳ|ግሎመከዳ	NIL
1	ጋድፍረይ ሙጁኒ|ጋድፍረይ ሙጁኒ	ጋድፍረይ ሙጁኒ|ጋድፍረይ ሙጁኒ	NIL
1	ንኣሕመድን|ንኣሕመድን	ንኣሕመድን|ንኣሕመድን	NIL
1	ዳዊት|ዳዊት	ዳዊት|ዳዊት	NIL
1	ፍሪቦርግን|ፍሪቦርግን	ፍሪቦርግን|ፍሪቦርግን	NIL
1	ብግሪኽ|ብግሪኽ	ብግሪኽ|ብግሪኽ	NIL
1	ንቢቢሲ|ንቢቢሲ	ንቢቢሲ|ንቢቢሲ	NIL
1	#Sudan|#Sudan	#Sudan|#Sudan	NIL
1	ሚኒስተር ወፃኢ ጉዳይ|ሚኒስተር ወፃኢ ጉዳይ	ሚኒስተር ወፃኢ ጉዳይ|ሚኒስተር ወፃኢ ጉዳይ	NIL
1	#eritrea|#eritrea	#eritrea|#eritrea	NIL
1	ቨርጂንያ፡ሜሪላንድን|ቨርጂንያ፡ሜሪላንድን	ቨርጂንያ፡ሜሪላንድን|ቨርጂንያ፡ሜሪላንድን	NIL
1	ዶብ ኣልቦ ሓኻይም|ዶብ ኣልቦ ሓኻይም	ዶብ ኣልቦ ሓኻይም|ዶብ ኣልቦ ሓኻይም	NIL
1	ኤርትራዊያን|ኤርትራዊያን	ኤርትራዊያን|ኤርትራዊያን	NIL
1	#ArbenochGinbot7|#ArbenochGinbot7	#ArbenochGinbot7|#ArbenochGinbot7	NIL
1	ነቭሱን|ነቭሱን	ነቭሱን|ነቭሱን	NIL
1	ሪያክ ማቻርን|ሪያክ ማቻርን	ሪያክ ማቻርን|ሪያክ ማቻርን	NIL
1	ጂሃዲ ጆን|ጂሃዲ ጆን	ጂሃዲ ጆን|ጂሃዲ ጆን	NIL
1	#USAID|#USAID	#USAID|#USAID	NIL
1	@fathermusie:|@fathermusie:	@fathermusie:|@fathermusie:	NIL
1	ራምኒን|ራምኒን	ራምኒን|ራምኒን	NIL
1	ሩባ ኣንገረብ|ሩባ ኣንገረብ	ሩባ ኣንገረብ|ሩባ ኣንገረብ	NIL
1	ሰብሃ|ሰብሃ	ሰብሃ|ሰብሃ	NIL
1	ቀቲሉ።Islamic State|ቀቲሉ።Islamic State	ቀቲሉ።Islamic State|ቀቲሉ።Islamic State	NIL
1	#USEmbassyAddis|#USEmbassyAddis	#USEmbassyAddis|#USEmbassyAddis	NIL
1	ኦሮሞ ፌደራላዊ ኮንግረስን/መድረክ|ኦሮሞ ፌደራላዊ ኮንግረስን/መድረክ	ኦሮሞ ፌደራላዊ ኮንግረስን/መድረክ|ኦሮሞ ፌደራላዊ ኮንግረስን/መድረክ	NIL
1	ዓጋመ|ዓጋመ	ዓጋመ|ዓጋመ	NIL
1	ንደቡብ ሱዳናውያን|ንደቡብ ሱዳናውያን	ንደቡብ ሱዳናውያን|ንደቡብ ሱዳናውያን	NIL
1	ድዮስቆሮስ|ድዮስቆሮስ	ድዮስቆሮስ|ድዮስቆሮስ	NIL
1	ትካል ጥዕና ዓለም(WHO...|ትካል ጥዕና ዓለም(WHO...	ትካል ጥዕና ዓለም(WHO...|ትካል ጥዕና ዓለም(WHO...	NIL
1	ሪፖርተር|ሪፖርተር	ሪፖርተር|ሪፖርተር	NIL
1	ሻሸመኔ|ሻሸመኔ	ሻሸመኔ|ሻሸመኔ	NIL
1	ሸጢ|ሸጢ	ሸጢ|ሸጢ	NIL
1	ቤትጽሕፈት ውድብ ሕቡራት ሃገራት|ቤትጽሕፈት ውድብ ሕቡራት ሃገራት	ቤትጽሕፈት ውድብ ሕቡራት ሃገራት|ቤትጽሕፈት ውድብ ሕቡራት ሃገራት	NIL
1	ንሱዕድያ|ንሱዕድያ	ንሱዕድያ|ንሱዕድያ	NIL
1	ብሬድዮ ኣሜርካ|ብሬድዮ ኣሜርካ	ብሬድዮ ኣሜርካ|ብሬድዮ ኣሜርካ	NIL
1	ታንዛንያን|ታንዛንያን	ታንዛንያን|ታንዛንያን	NIL
1	ሽሙየ ገብሩ|ሽሙየ ገብሩ	ሽሙየ ገብሩ|ሽሙየ ገብሩ	NIL
1	#Camerron|#Camerron	#Camerron|#Camerron	NIL
1	ኦርጆ ጊድቱ|ኦርጆ ጊድቱ	ኦርጆ ጊድቱ|ኦርጆ ጊድቱ	NIL
1	ካተሪን ዱውሃይ|ካተሪን ዱውሃይ	ካተሪን ዱውሃይ|ካተሪን ዱውሃይ	NIL
1	ኦቻ|ኦቻ	ኦቻ|ኦቻ	NIL
1	ጂግጅጋ|ጂግጅጋ	ጂግጅጋ|ጂግጅጋ	NIL
1	ንዒላ በርዒድ|ንዒላ በርዒድ	ንዒላ በርዒድ|ንዒላ በርዒድ	NIL
1	ቃላይ ቦራ|ቃላይ ቦራ	ቃላይ ቦራ|ቃላይ ቦራ	NIL
1	ኦማር ኣል-ባሽር፣|ኦማር ኣል-ባሽር፣	ኦማር ኣል-ባሽር፣|ኦማር ኣል-ባሽር፣	NIL
1	ሆሎታ|ሆሎታ	ሆሎታ|ሆሎታ	NIL
1	ፈንድቃን|ፈንድቃን	ፈንድቃን|ፈንድቃን	NIL
1	ትካል ስደተኛታት ሕ/ሃ:|ትካል ስደተኛታት ሕ/ሃ:	ትካል ስደተኛታት ሕ/ሃ:|ትካል ስደተኛታት ሕ/ሃ:	NIL
1	ትራፕን|ትራፕን	ትራፕን|ትራፕን	NIL
1	ማርካ|ማርካ	ማርካ|ማርካ	NIL
1	ክልተ ውላዕሎ|ክልተ ውላዕሎ	ክልተ ውላዕሎ|ክልተ ውላዕሎ	NIL
1	ዒላ በርዒድ|ዒላ በርዒድ	ዒላ በርዒድ|ዒላ በርዒድ	NIL
1	ሪፕብሊካዊያን|ሪፕብሊካዊያን	ሪፕብሊካዊያን|ሪፕብሊካዊያን	NIL
1	ምክሩ ብርሃኑ|ምክሩ ብርሃኑ	ምክሩ ብርሃኑ|ምክሩ ብርሃኑ	NIL
1	ዳኒኤል|ዳኒኤል	ዳኒኤል|ዳኒኤል	NIL
1	ቸራፊ ኣል-ሙዳን|ቸራፊ ኣል-ሙዳን	ቸራፊ ኣል-ሙዳን|ቸራፊ ኣል-ሙዳን	NIL
1	ኖርማንዲ|ኖርማንዲ	ኖርማንዲ|ኖርማንዲ	NIL
1	ኣሜሪካ፡ደርቂ|ኣሜሪካ፡ደርቂ	ኣሜሪካ፡ደርቂ|ኣሜሪካ፡ደርቂ	NIL
1	ቀበሌ 18ን|ቀበሌ 18ን	ቀበሌ 18ን|ቀበሌ 18ን	NIL
1	ኣመሪካ​|ኣመሪካ​	ኣመሪካ​|ኣመሪካ​	NIL
1	መዓመር ቐዛፊ|መዓመር ቐዛፊ	መዓመር ቐዛፊ|መዓመር ቐዛፊ	NIL
1	መሓመድ|መሓመድ	መሓመድ|መሓመድ	NIL
1	ስልጤን|ስልጤን	ስልጤን|ስልጤን	NIL
1	ዓብደለጢፍ ኣል ሙንስር|ዓብደለጢፍ ኣል ሙንስር	ዓብደለጢፍ ኣል ሙንስር|ዓብደለጢፍ ኣል ሙንስር	NIL
1	ኣዲስ ራእይ|ኣዲስ ራእይ	ኣዲስ ራእይ|ኣዲስ ራእይ	NIL
